path	text	start	end	type	graphemes
/workspace/data/voice_recognition/keyword_detection/data_public_s2t_new/vin_keyword_set/vlsp2020_train_set_02/speaker_695-104630-1.wav	ông viết rất nhiều thể loại trong đó có những bài đã quen thuộc với công chúng yêu âm nhạc	0.0	5.46		ô ng | v iế t | r ấ t | nh iều | th ể | l oại | tr o ng | đ ó | c ó | nh ữ ng | b ài | đ ã | qu e n | th uộ c | v ới | c ô ng | ch ú ng | yêu | â m | nh ạ c
/workspace/data/voice_recognition/keyword_detection/data_public_s2t_new/vin_keyword_set/vlsp2020_train_set_02/database_sa3_Jan21_Apr24_cleaned_utt_0000003550-1.wav	và số lượng lô đất đấu một lần sẽ lớn hơn năm hai nghìn không trăm mười tám	0.0	3.6		v à | s ố | l ượ ng | l ô | đ ấ t | đ ấu | m ộ t | l ầ n | s ẽ | l ớ n | h ơ n | n ă m | h ai | ngh ì n | kh ô ng | tr ă m | m ười | t á m
/workspace/data/voice_recognition/keyword_detection/data_public_s2t_new/fpt_public_dataset/wav/FPTOpenSpeechData_Set002_V0.1_001356.wav	những nhà quản lý giáo dục năng động trách nhiệm trong tương lai của ngành 	0.0	4.584		nh ữ ng | nh à | qu ả n | l ý | gi áo | d ụ c | n ă ng | đ ộ ng | tr á ch | nh iệ m | tr o ng | t ươ ng | l ai | c ủa | ng à nh
/workspace/data/voice_recognition/keyword_detection/data_public_s2t_new/vin_keyword_set/vlsp2020_train_set_02/speaker_153-004943-1.wav	phạm ngọc thạch nói rằng việt minh muốn khích cho anh pháp tiến hành đàn áp gây nhiều thương vong để thế giới chú ý đến tình cảnh của việt nam	0.0	8.448		ph ạ m | ng ọ c | th ạ ch | n ói | r ằ ng | v iệ t | m i nh | m uố n | kh í ch | ch o | a nh | ph á p | t iế n | h à nh | đ à n | á p | g ây | nh iều | th ươ ng | v o ng | đ ể | th ế | gi ới | ch ú | ý | đ ế n | t ì nh | c ả nh | c ủa | v iệ t | n a m
/workspace/data/voice_recognition/keyword_detection/data_public_s2t_new/vin_keyword_set/vlsp2020_train_set_02/speaker_899_121798-1.wav	điều này khiến bạn cảm thấy bị vùi dập	0.0	2.39		đ iều | n ày | kh iế n | b ạ n | c ả m | th ấy | b ị | v ùi | d ậ p
/workspace/data/voice_recognition/keyword_detection/data_public_s2t_new/vin_keyword_set/vlsp2020_train_set_02/database_sa2_Jan4_Feb29_cleaned_utt_0000099986-1.wav	phản đối để đấu tranh cho môi trường làm rõ nguyên nhân gây ra cái chết mà mà chính quyền từ hai tháng hơn một tháng này đã không có câu trả lời thỏa đáng	0.0	11.71		ph ả n | đ ối | đ ể | đ ấu | tr a nh | ch o | m ôi | tr ườ ng | l à m | r õ | ng uyê n | nh â n | g ây | r a | c ái | ch ế t | m à | m à | ch í nh | qu yề n | t ừ | h ai | th á ng | h ơ n | m ộ t | th á ng | n ày | đ ã | kh ô ng | c ó | c âu | tr ả | l ời | th ỏa | đ á ng
/workspace/data/voice_recognition/keyword_detection/data_public_s2t_new/vin_keyword_set/vlsp2020_train_set_02/database_sa3_1_150h_15Jan2020_cleaned_utt_0000043698-1.wav	đổi sang thực hiện hóa đơn điện tử về những lợi ích thiết thực mà doanh nghiệp được hưởng khi triển khai hóa đơn điện tử	0.0	5.78		đ ổi | s a ng | th ự c | h iệ n | h óa | đ ơ n | đ iệ n | t ử | v ề | nh ữ ng | l ợi | í ch | th iế t | th ự c | m à | d oa nh | ngh iệ p | đ ượ c | h ưở ng | kh i | tr iể n | kh ai | h óa | đ ơ n | đ iệ n | t ử
/workspace/data/voice_recognition/keyword_detection/data_public_s2t_new/vivos/train/waves/VIVOSSPK07/VIVOSSPK07_R198.wav	do rối loạn khớp thái dương hàm	0.0	3.78125		d o | r ối | l ọa n | kh ớ p | th ái | d ươ ng | h à m
/workspace/data/voice_recognition/keyword_detection/data_public_s2t_new/vin_keyword_set/vlsp2020_train_set_02/database_sa2_Feb29_Mar06_Mar17_toApril06_cleaned_utt_0000120157-1.wav	người ta biết bầu trời một cách tự nhiên	0.0	3.17		ng ười | t a | b iế t | b ầu | tr ời | m ộ t | c á ch | t ự | nh iê n
/workspace/data/voice_recognition/keyword_detection/data_public_s2t_new/fpt_public_dataset/wav/FPTOpenSpeechData_Set001_V0.1_010604.wav	eo thon tiêu chuẩn vẻ đẹp bất biến	0.0	3.768		eo | th o n | t iêu | ch uẩ n | v ẻ | đ ẹ p | b ấ t | b iế n
/workspace/data/voice_recognition/keyword_detection/data_public_s2t_new/vin_keyword_set/vlsp2020_train_set_02/speaker_710-103365-1.wav	tuy chỉ sống gần gũi với quê nhà khoảng mười năm nhưng tấm lòng ông luôn hướng về tổ quốc	0.0	4.8973125		t uy | ch ỉ | s ố ng | g ầ n | g ũi | v ới | qu ê | nh à | kh ỏa ng | m ười | n ă m | nh ư ng | t ấ m | l ò ng | ô ng | l uô n | h ướ ng | v ề | t ổ | qu ố c
/workspace/data/voice_recognition/keyword_detection/data_public_s2t_new/fpt_public_dataset/wav/FPTOpenSpeechData_Set001_V0.1_001714.wav	trùm ma túy trung quốc trốn vào tù	0.0	5.232		tr ù m | m a | t úy | tr u ng | qu ố c | tr ố n | v ào | t ù
/workspace/data/voice_recognition/keyword_detection/data_public_s2t_new/vin_keyword_set/vlsp2020_train_set_02/database_sa3_1_150h_15Jan2020_cleaned_utt_0000016148-1.wav	có thể nói tới thời điểm này sau bốn năm tham gia đóng mới tàu lớn để đánh bắt xa bờ có rất nhiều chủ tàu đang phải điêu đứng vì chậm trả nợ với ngân hàng mà lý do cơ bản theo các chủ tàu	0.0	11.55		c ó | th ể | n ói | t ới | th ời | đ iể m | n ày | s au | b ố n | n ă m | th a m | gi a | đ ó ng | m ới | t àu | l ớ n | đ ể | đ á nh | b ắ t | x a | b ờ | c ó | r ấ t | nh iều | ch ủ | t àu | đ a ng | ph ải | đ iêu | đ ứ ng | v ì | ch ậ m | tr ả | n ợ | v ới | ng â n | h à ng | m à | l ý | d o | c ơ | b ả n | th eo | c á c | ch ủ | t àu
/workspace/data/voice_recognition/keyword_detection/data_public_s2t_new/vin_keyword_set/vlsp2020_train_set_02/database_sa2_Jan4_Feb29_cleaned_utt_0000048591-2.wav	luôn quan tâm lãnh đạo chỉ đạo ban hành nhiều chủ trương chính sách đề ra nhiều giải pháp thiết thực hiệu quả để khuyến khích phát triển doanh nghiệp cải thiện môi trường đầu tư kinh doanh đẩy mạnh cải cách hành chính tăng cường ứng dụng công nghệ thông tin	0.0	17.27		l uô n | qu a n | t â m | l ã nh | đ ạo | ch ỉ | đ ạo | b a n | h à nh | nh iều | ch ủ | tr ươ ng | ch í nh | s á ch | đ ề | r a | nh iều | gi ải | ph á p | th iế t | th ự c | h iệu | qu ả | đ ể | kh uyế n | kh í ch | ph á t | tr iể n | d oa nh | ngh iệ p | c ải | th iệ n | m ôi | tr ườ ng | đ ầu | t ư | k i nh | d oa nh | đ ẩy | m ạ nh | c ải | c á ch | h à nh | ch í nh | t ă ng | c ườ ng | ứ ng | d ụ ng | c ô ng | ngh ệ | th ô ng | t i n
/workspace/data/voice_recognition/keyword_detection/data_public_s2t_new/fpt_public_dataset/wav/FPTOpenSpeechData_Set001_V0.1_014034.wav	đúng như thắng nói quả là đặt ít mà ăn được rất nhiều	0.0	4.296		đ ú ng | nh ư | th ắ ng | n ói | qu ả | l à | đ ặ t | í t | m à | ă n | đ ượ c | r ấ t | nh iều
/workspace/data/voice_recognition/keyword_detection/data_public_s2t_new/vivos/train/waves/VIVOSSPK29/VIVOSSPK29_189.wav	lẽ dĩ nhiên cái thị xã này là hạt nhân bên cạnh hàng chục cây số đồi núi	0.0	5.78125		l ẽ | d ĩ | nh iê n | c ái | th ị | x ã | n ày | l à | h ạ t | nh â n | b ê n | c ạ nh | h à ng | ch ụ c | c ây | s ố | đ ồi | n úi
/workspace/data/voice_recognition/keyword_detection/data_public_s2t_new/fpt_public_dataset/wav/FPTOpenSpeechData_Set001_V0.1_013110.wav	không cám ơn tôi không nên uống thêm nữa	0.0	3.984		kh ô ng | c á m | ơ n | t ôi | kh ô ng | n ê n | uố ng | th ê m | n ữa
/workspace/data/voice_recognition/keyword_detection/data_public_s2t_new/fpt_public_dataset/wav/FPTOpenSpeechData_Set001_V0.1_000735.wav	cái nào tiện lợi nhất để đi đến nơi này bằng xe buýt hay xe điện	0.0	3.456		c ái | n ào | t iệ n | l ợi | nh ấ t | đ ể | đ i | đ ế n | n ơi | n ày | b ằ ng | x e | b úy t | h ay | x e | đ iệ n
/workspace/data/voice_recognition/keyword_detection/data_public_s2t_new/vin_keyword_set/vlsp2020_train_set_02/database_sa4_2019-01-08_2020-03-16_cleaned_utt_0000017379-1.wav	chỉ với chiếc điện thoại thông minh bạn hoàn toàn có thể học môn sinh học về giải phẫu cơ thể người một cách	0.0	4.46		ch ỉ | v ới | ch iế c | đ iệ n | th oại | th ô ng | m i nh | b ạ n | h òa n | t òa n | c ó | th ể | h ọ c | m ô n | s i nh | h ọ c | v ề | gi ải | ph ẫu | c ơ | th ể | ng ười | m ộ t | c á ch
/workspace/data/voice_recognition/keyword_detection/data_public_s2t_new/fpt_public_dataset/wav/FPTOpenSpeechData_Set002_V0.1_005320.wav	khi chị và anh hiệp quyết định li hôn chị thấy dư luận xung quanh thế nào 	0.0	5.064		kh i | ch ị | v à | a nh | h iệ p | qu yế t | đ ị nh | l i | h ô n | ch ị | th ấy | d ư | l uậ n | x u ng | qu a nh | th ế | n ào
/workspace/data/voice_recognition/keyword_detection/data_public_s2t_new/fpt_public_dataset/wav/FPTOpenSpeechData_Set001_V0.1_008124.wav	quầy hàng bán đồ trẻ em ở đâu	0.0	2.208		qu ầy | h à ng | b á n | đ ồ | tr ẻ | e m | ở | đ âu
/workspace/data/voice_recognition/keyword_detection/data_public_s2t_new/vivos/train/waves/VIVOSSPK31/VIVOSSPK31_106.wav	nó chuyên chở hồn dân tộc qua nhiều thăng trầm lịch sử chia sẻ mọi đắng cay trong cuộc sống với niềm tin vươn lên	0.0	7.75		n ó | ch uyê n | ch ở | h ồ n | d â n | t ộ c | qu a | nh iều | th ă ng | tr ầ m | l ị ch | s ử | ch ia | s ẻ | m ọi | đ ắ ng | c ay | tr o ng | c uộ c | s ố ng | v ới | n iề m | t i n | v ươ n | l ê n
/workspace/data/voice_recognition/keyword_detection/data_public_s2t_new/fpt_public_dataset/wav/FPTOpenSpeechData_Set001_V0.1_002692.wav	anh làm tôi phát ốm	0.0	1.68		a nh | l à m | t ôi | ph á t | ố m
/workspace/data/voice_recognition/keyword_detection/data_public_s2t_new/vin_keyword_set/vlsp2020_train_set_02/database_sa3_Jan21_Apr24_cleaned_utt_0000068262-1.wav	và các số tiền đó thời kỳ tiểu bang họ phải trả từ quỹ của họ nhưng mà đối với luật di trú thì cái này nó không có như vậy có nghĩa là nếu quý vị bị bắt nếu quý nhà của quý vị có tiền quý vị có thể thuê luật sư	0.0	11.7		v à | c á c | s ố | t iề n | đ ó | th ời | k ỳ | t iểu | b a ng | h ọ | ph ải | tr ả | t ừ | qu ỹ | c ủa | h ọ | nh ư ng | m à | đ ối | v ới | l uậ t | d i | tr ú | th ì | c ái | n ày | n ó | kh ô ng | c ó | nh ư | v ậy | c ó | ngh ĩa | l à | n ếu | qu ý | v ị | b ị | b ắ t | n ếu | qu ý | nh à | c ủa | qu ý | v ị | c ó | t iề n | qu ý | v ị | c ó | th ể | th uê | l uậ t | s ư
/workspace/data/voice_recognition/keyword_detection/data_public_s2t_new/vin_keyword_set/vlsp2020_train_set_02/database_sa3_Jan21_Apr24_cleaned_utt_0000113737-1.wav	những kỳ vọng có thể trở thành một cơ hội thay đổi cuộc sống và bạn thậm chí không biết điều đó thật sự rất thú vị khi biết rằng	0.0	6.63		nh ữ ng | k ỳ | v ọ ng | c ó | th ể | tr ở | th à nh | m ộ t | c ơ | h ội | th ay | đ ổi | c uộ c | s ố ng | v à | b ạ n | th ậ m | ch í | kh ô ng | b iế t | đ iều | đ ó | th ậ t | s ự | r ấ t | th ú | v ị | kh i | b iế t | r ằ ng
/workspace/data/voice_recognition/keyword_detection/data_public_s2t_new/vin_keyword_set/vlsp2020_train_set_02/spkyut-20190730-utt000001997.wav	tới đời gọi là hùng vương	0.0	2.579		t ới | đ ời | g ọi | l à | h ù ng | v ươ ng
/workspace/data/voice_recognition/keyword_detection/data_public_s2t_new/vin_keyword_set/vlsp2020_train_set_02/database_sa3_Jan21_Apr24_cleaned_utt_0000038305-1.wav	và bảy cán bộ cao cấp khác	0.0	2.24		v à | b ảy | c á n | b ộ | c ao | c ấ p | kh á c
/workspace/data/voice_recognition/keyword_detection/data_public_s2t_new/common_voice/cv-corpus-8.0-2022-01-19/vi/clips/common_voice_vi_24172627.wav	bà ấy nhìn em rất lâu rồi đáp lại	0.0	4.608		b à | ấy | nh ì n | e m | r ấ t | l âu | r ồi | đ á p | l ại
/workspace/data/voice_recognition/keyword_detection/data_public_s2t_new/vin_keyword_set/vlsp2020_train_set_02/database_sa2_Feb29_Mar06_Mar17_toApril06_cleaned_utt_0000082027-1.wav	bây giờ thế tiên đang có hai trăm hai mươi điểm và đã rút ngắn được khá nhiều khoảng cách của mình sau phần thi của bạn tiến bảo với bạn à duy anh	0.0	7.68		b ây | gi ờ | th ế | t iê n | đ a ng | c ó | h ai | tr ă m | h ai | m ươi | đ iể m | v à | đ ã | r ú t | ng ắ n | đ ượ c | kh á | nh iều | kh ỏa ng | c á ch | c ủa | m ì nh | s au | ph ầ n | th i | c ủa | b ạ n | t iế n | b ảo | v ới | b ạ n | à | d uy | a nh
/workspace/data/voice_recognition/keyword_detection/data_public_s2t_new/common_voice/cv-corpus-8.0-2022-01-19/vi/clips/common_voice_vi_24467872.wav	điện thoại đổ chuông nhưng mà không có ai bắt máy	0.0	5.868		đ iệ n | th oại | đ ổ | ch uô ng | nh ư ng | m à | kh ô ng | c ó | ai | b ắ t | m áy
/workspace/data/voice_recognition/keyword_detection/data_public_s2t_new/fpt_public_dataset/wav/FPTOpenSpeechData_Set001_V0.1_006010.wav	chắc hơn ai hết các bạn trẻ hiểu ngay rằng đó là cái cù rất nhẹ cái cù mơn man như chiếc lông gà phớt qua	0.0	9.024		ch ắ c | h ơ n | ai | h ế t | c á c | b ạ n | tr ẻ | h iểu | ng ay | r ằ ng | đ ó | l à | c ái | c ù | r ấ t | nh ẹ | c ái | c ù | m ơ n | m a n | nh ư | ch iế c | l ô ng | g à | ph ớ t | qu a
/workspace/data/voice_recognition/keyword_detection/data_public_s2t_new/vin_keyword_set/vlsp2020_train_set_02/speaker_071-099844-1.wav	hà nội cho phép học sinh tiểu học được nghỉ học khi thời tiết dưới mười độ	0.0	4.76975		h à | n ội | ch o | ph é p | h ọ c | s i nh | t iểu | h ọ c | đ ượ c | ngh ỉ | h ọ c | kh i | th ời | t iế t | d ưới | m ười | đ ộ
/workspace/data/voice_recognition/keyword_detection/data_public_s2t_new/vin_keyword_set/vlsp2020_train_set_02/database_sa2_Jan4_Feb29_cleaned_utt_0000036079-1.wav	lích chúc mừng năm mới	0.0	2.89		l í ch | ch ú c | m ừ ng | n ă m | m ới
/workspace/data/voice_recognition/keyword_detection/data_public_s2t_new/vin_keyword_set/vlsp2020_train_set_02/database_sa2_Feb29_Mar06_Mar17_toApril06_cleaned_utt_0000047817-2.wav	có thể di chuyển tối đa bao nhiêu ô cờ trong một nước đi năm sáu hay bẩy	0.0	7.83		c ó | th ể | d i | ch uyể n | t ối | đ a | b ao | nh iêu | ô | c ờ | tr o ng | m ộ t | n ướ c | đ i | n ă m | s áu | h ay | b ẩy
/workspace/data/voice_recognition/keyword_detection/data_public_s2t_new/vin_keyword_set/vlsp2020_train_set_02/speaker_440-118793-1.wav	mục đích đảm bảo an ninh trật tự thì rõ là chúng ta đã làm mà được bao nhiêu đâu	0.0	5.5466875		m ụ c | đ í ch | đ ả m | b ảo | a n | n i nh | tr ậ t | t ự | th ì | r õ | l à | ch ú ng | t a | đ ã | l à m | m à | đ ượ c | b ao | nh iêu | đ âu
/workspace/data/voice_recognition/keyword_detection/data_public_s2t_new/vivos/train/waves/VIVOSSPK04/VIVOSSPK04_T005.wav	đường phố được trang trí lại rực vàng màu hoa mai	0.0	3.34375		đ ườ ng | ph ố | đ ượ c | tr a ng | tr í | l ại | r ự c | v à ng | m àu | h oa | m ai
/workspace/data/voice_recognition/keyword_detection/data_public_s2t_new/vin_keyword_set/vlsp2020_train_set_02/speaker_029-101164-1.wav	và trong một lần xem phim tôi đã tặc lưỡi	0.0	3.6566875		v à | tr o ng | m ộ t | l ầ n | x e m | ph i m | t ôi | đ ã | t ặ c | l ưỡi
/workspace/data/voice_recognition/keyword_detection/data_public_s2t_new/fpt_public_dataset/wav/FPTOpenSpeechData_Set001_V0.1_006605.wav	điều mà anh thích thú chính là cảm giác mạnh	0.0	4.104		đ iều | m à | a nh | th í ch | th ú | ch í nh | l à | c ả m | gi á c | m ạ nh
/workspace/data/voice_recognition/keyword_detection/data_public_s2t_new/vin_keyword_set/vlsp2020_train_set_02/spkyut-20190730-utt000000416.wav	mua bán nhanh hy vọng với cách chiết xuất tinh dầu gừng đơn giản này bạn cũng có thể tự làm cho mình một lọ tinh dầu gừng nguyên chất để sử dụng	0.0	7.761		m ua | b á n | nh a nh | h y | v ọ ng | v ới | c á ch | ch iế t | x uấ t | t i nh | d ầu | g ừ ng | đ ơ n | gi ả n | n ày | b ạ n | c ũ ng | c ó | th ể | t ự | l à m | ch o | m ì nh | m ộ t | l ọ | t i nh | d ầu | g ừ ng | ng uyê n | ch ấ t | đ ể | s ử | d ụ ng
/workspace/data/voice_recognition/keyword_detection/data_public_s2t_new/vin_keyword_set/vlsp2020_train_set_02/database_sa2_Jan4_Feb29_cleaned_utt_0000031115-1.wav	là những trường nào do đó mà những cái trường	0.0	3.22		l à | nh ữ ng | tr ườ ng | n ào | d o | đ ó | m à | nh ữ ng | c ái | tr ườ ng
/workspace/data/voice_recognition/keyword_detection/data_public_s2t_new/fpt_public_dataset/wav/FPTOpenSpeechData_Set001_V0.1_010482.wav	hiện tất cả các chuyến tàu chạy trên tuyến đường ray đã bị hoãn	0.0	4.536		h iệ n | t ấ t | c ả | c á c | ch uyế n | t àu | ch ạy | tr ê n | t uyế n | đ ườ ng | r ay | đ ã | b ị | h õa n
/workspace/data/voice_recognition/keyword_detection/data_public_s2t_new/fpt_public_dataset/wav/FPTOpenSpeechData_Set001_V0.1_008324.wav	có khi nào chính công ty bán cổ phiếu  họ cố ý mua cổ phiếu	0.0	5.712		c ó | kh i | n ào | ch í nh | c ô ng | t y | b á n | c ổ | ph iếu | h ọ | c ố | ý | m ua | c ổ | ph iếu
/workspace/data/voice_recognition/keyword_detection/data_public_s2t_new/fpt_public_dataset/wav/FPTOpenSpeechData_Set001_V0.1_007200.wav	vài bậc cha mẹ có thể cho rằng thật mất thời gian hay phiền phức khi phải nựng trẻ	0.0	5.976		v ài | b ậ c | ch a | m ẹ | c ó | th ể | ch o | r ằ ng | th ậ t | m ấ t | th ời | gi a n | h ay | ph iề n | ph ứ c | kh i | ph ải | n ự ng | tr ẻ
/workspace/data/voice_recognition/keyword_detection/data_public_s2t_new/vin_keyword_set/vlsp2020_train_set_02/database_sa4_Mar17_toApril11_cleaned_utt_0000059383-2.wav	để có thể chạm đến được thành công	0.0	1.9		đ ể | c ó | th ể | ch ạ m | đ ế n | đ ượ c | th à nh | c ô ng
/workspace/data/voice_recognition/keyword_detection/data_public_s2t_new/common_voice/cv-corpus-8.0-2022-01-19/vi/clips/common_voice_vi_24142075.wav	a lô anh xăm trai phải không ạ	0.0	4.86		a | l ô | a nh | x ă m | tr ai | ph ải | kh ô ng | ạ
/workspace/data/voice_recognition/keyword_detection/data_public_s2t_new/vin_keyword_set/vlsp2020_train_set_02/database_sa3_1_150h_15Jan2020_cleaned_utt_0000042616-1.wav	mạnh mẽ hơn nhưng mà cũng phải có sự chia sẻ thứ hai nữa là đối với người trả lời chất vấn thì đại biểu quốc hội và cử tri	0.0	7.43		m ạ nh | m ẽ | h ơ n | nh ư ng | m à | c ũ ng | ph ải | c ó | s ự | ch ia | s ẻ | th ứ | h ai | n ữa | l à | đ ối | v ới | ng ười | tr ả | l ời | ch ấ t | v ấ n | th ì | đ ại | b iểu | qu ố c | h ội | v à | c ử | tr i
/workspace/data/voice_recognition/keyword_detection/data_public_s2t_new/vin_keyword_set/vlsp2020_train_set_02/database_sa2_Feb29_Mar06_Mar17_toApril06_cleaned_utt_0000007586-1.wav	tôi từng là phi công máy bay chiến đấu tại việt nam và tôi nghĩ rằng nước mỹ vẫn còn nợ cộng đồng người mỹ gốc việt tại đây đầu tiên là bởi họ đã sát cánh với chúng ta trong cuộc chiến việt nam	0.0	10.76		t ôi | t ừ ng | l à | ph i | c ô ng | m áy | b ay | ch iế n | đ ấu | t ại | v iệ t | n a m | v à | t ôi | ngh ĩ | r ằ ng | n ướ c | m ỹ | v ẫ n | c ò n | n ợ | c ộ ng | đ ồ ng | ng ười | m ỹ | g ố c | v iệ t | t ại | đ ây | đ ầu | t iê n | l à | b ởi | h ọ | đ ã | s á t | c á nh | v ới | ch ú ng | t a | tr o ng | c uộ c | ch iế n | v iệ t | n a m
/workspace/data/voice_recognition/keyword_detection/data_public_s2t_new/vin_keyword_set/vlsp2020_train_set_02/database_sa3_Jan21_Apr24_cleaned_utt_0000074471-1.wav	của tổng thống troăm được cho là đang điều tra toán công tố viên của bệnh lý đặc biệt rô bớt lê vơ để tìm những phương cách nhằm hạ uy tín của cuộc điều tra đang được tiến hành liên quan tới nước nga	0.0	9.52		c ủa | t ổ ng | th ố ng | tr oă m | đ ượ c | ch o | l à | đ a ng | đ iều | tr a | t óa n | c ô ng | t ố | v iê n | c ủa | b ệ nh | l ý | đ ặ c | b iệ t | r ô | b ớ t | l ê | v ơ | đ ể | t ì m | nh ữ ng | ph ươ ng | c á ch | nh ằ m | h ạ | uy | t í n | c ủa | c uộ c | đ iều | tr a | đ a ng | đ ượ c | t iế n | h à nh | l iê n | qu a n | t ới | n ướ c | ng a
/workspace/data/voice_recognition/keyword_detection/data_public_s2t_new/vin_keyword_set/vlsp2020_train_set_02/database_sa4_Mar17_toApril11_cleaned_utt_0000033705-1.wav	thờ nó như thờ thánh nữ	0.0	1.65		th ờ | n ó | nh ư | th ờ | th á nh | n ữ
/workspace/data/voice_recognition/keyword_detection/data_public_s2t_new/fpt_public_dataset/wav/FPTOpenSpeechData_Set001_V0.1_013964.wav	nhà đầu tư ồ ạt bán tháo cổ phiếu	0.0	2.328		nh à | đ ầu | t ư | ồ | ạ t | b á n | th áo | c ổ | ph iếu
/workspace/data/voice_recognition/keyword_detection/data_public_s2t_new/vin_keyword_set/vlsp2020_train_set_02/speaker_567-048475-1.wav	tất nhiên đó là do sự yêu thích của mình đối với ngành học này	0.0	3.6493125		t ấ t | nh iê n | đ ó | l à | d o | s ự | yêu | th í ch | c ủa | m ì nh | đ ối | v ới | ng à nh | h ọ c | n ày
/workspace/data/voice_recognition/keyword_detection/data_public_s2t_new/fpt_public_dataset/wav/FPTOpenSpeechData_Set002_V0.1_009184.wav	thực sự suốt thời gian qua tôi chẳng làm gì được 	0.0	3.6		th ự c | s ự | s uố t | th ời | gi a n | qu a | t ôi | ch ẳ ng | l à m | gì | đ ượ c
/workspace/data/voice_recognition/keyword_detection/data_public_s2t_new/fpt_public_dataset/wav/FPTOpenSpeechData_Set001_V0.1_007120.wav	tôi sẽ ăn sô chô cô lét nóng	0.0	1.704		t ôi | s ẽ | ă n | s ô | ch ô | c ô | l é t | n ó ng
/workspace/data/voice_recognition/keyword_detection/data_public_s2t_new/vin_keyword_set/vlsp2020_train_set_02/database_sa4_Mar17_toApril11_cleaned_utt_0000084378-1.wav	và cà rốt thì bạn biết gì về nó	0.0	1.67		v à | c à | r ố t | th ì | b ạ n | b iế t | gì | v ề | n ó
/workspace/data/voice_recognition/keyword_detection/data_public_s2t_new/vivos/train/waves/VIVOSSPK31/VIVOSSPK31_155.wav	người trung quốc có câu con người không thể bị người khác làm ngã người làm ngã chỉ có thể là chính mình	0.0	6.9375		ng ười | tr u ng | qu ố c | c ó | c âu | c o n | ng ười | kh ô ng | th ể | b ị | ng ười | kh á c | l à m | ng ã | ng ười | l à m | ng ã | ch ỉ | c ó | th ể | l à | ch í nh | m ì nh
/workspace/data/voice_recognition/keyword_detection/data_public_s2t_new/vin_keyword_set/vlsp2020_train_set_02/database_sa2_Feb29_Mar06_Mar17_toApril06_cleaned_utt_0000229956-1.wav	dạ có ạ	0.0	0.92		d ạ | c ó | ạ
/workspace/data/voice_recognition/keyword_detection/data_public_s2t_new/vivos/train/waves/VIVOSSPK44/VIVOSSPK44_072.wav	phí nhiều giấy tờ và nước bọt để bàn cãi trong thời gian qua	0.0	3.499375		ph í | nh iều | gi ấy | t ờ | v à | n ướ c | b ọ t | đ ể | b à n | c ãi | tr o ng | th ời | gi a n | qu a
/workspace/data/voice_recognition/keyword_detection/data_public_s2t_new/fpt_public_dataset/wav/FPTOpenSpeechData_Set002_V0.1_002692.wav	khi bị nuốt tiền nuốt thẻ khách hàng đều không có bằng chứng trong tay 	0.0	4.392		kh i | b ị | n uố t | t iề n | n uố t | th ẻ | kh á ch | h à ng | đ ều | kh ô ng | c ó | b ằ ng | ch ứ ng | tr o ng | t ay
/workspace/data/voice_recognition/keyword_detection/data_public_s2t_new/vivos/train/waves/VIVOSSPK14/VIVOSSPK14_271.wav	từ đó cuộc đời tôi thay đổi	0.0	3.1875		t ừ | đ ó | c uộ c | đ ời | t ôi | th ay | đ ổi
/workspace/data/voice_recognition/keyword_detection/data_public_s2t_new/fpt_public_dataset/wav/FPTOpenSpeechData_Set001_V0.1_009504.wav	phiếu tính tiền có sai sót	0.0	1.416		ph iếu | t í nh | t iề n | c ó | s ai | s ó t
/workspace/data/voice_recognition/keyword_detection/data_public_s2t_new/vin_keyword_set/vlsp2020_train_set_02/database_sa3_Jan21_Apr24_cleaned_utt_0000104300-1.wav	chiếm tỷ lệ trên bốn mươi bảy phần trăm so với tổng số loài sa nhân tìm thấy tại việt nam tất cả các loài chi sa nhân đều có khả năng cho tinh dầu nhóm cây dùng làm thuốc năm loài chiếm năm mươi phần trăm nhóm cây dùng làm gia vị ba loài chiếm ba mươi phần trăm	0.0	13.44		ch iế m | t ỷ | l ệ | tr ê n | b ố n | m ươi | b ảy | ph ầ n | tr ă m | s o | v ới | t ổ ng | s ố | l oài | s a | nh â n | t ì m | th ấy | t ại | v iệ t | n a m | t ấ t | c ả | c á c | l oài | ch i | s a | nh â n | đ ều | c ó | kh ả | n ă ng | ch o | t i nh | d ầu | nh ó m | c ây | d ù ng | l à m | th uố c | n ă m | l oài | ch iế m | n ă m | m ươi | ph ầ n | tr ă m | nh ó m | c ây | d ù ng | l à m | gi a | v ị | b a | l oài | ch iế m | b a | m ươi | ph ầ n | tr ă m
/workspace/data/voice_recognition/keyword_detection/data_public_s2t_new/vivos/train/waves/VIVOSSPK46/VIVOSSPK46_158.wav	công việc cũng tạm ổn nhưng trong tay không có tấm bằng phòng thân	0.0	4.624375		c ô ng | v iệ c | c ũ ng | t ạ m | ổ n | nh ư ng | tr o ng | t ay | kh ô ng | c ó | t ấ m | b ằ ng | ph ò ng | th â n
/workspace/data/voice_recognition/keyword_detection/data_public_s2t_new/fpt_public_dataset/wav/FPTOpenSpeechData_Set001_V0.1_005438.wav	da càng nhợt nhạt thì màu son đỏ sẽ càng lộ	0.0	3.648		d a | c à ng | nh ợ t | nh ạ t | th ì | m àu | s o n | đ ỏ | s ẽ | c à ng | l ộ
/workspace/data/voice_recognition/keyword_detection/data_public_s2t_new/fpt_public_dataset/wav/FPTOpenSpeechData_Set001_V0.1_011751.wav	tôi muốn dưa leo chua	0.0	1.128		t ôi | m uố n | d ưa | l eo | ch ua
/workspace/data/voice_recognition/keyword_detection/data_public_s2t_new/fpt_public_dataset/wav/FPTOpenSpeechData_Set001_V0.1_002151.wav	tôi bị đau bụng dai dẳng	0.0	1.608		t ôi | b ị | đ au | b ụ ng | d ai | d ẳ ng
/workspace/data/voice_recognition/keyword_detection/data_public_s2t_new/common_voice/cv-corpus-8.0-2022-01-19/vi/clips/common_voice_vi_24440387.wav	thì học giỏi hơn rất nhiều	0.0	3.24		th ì | h ọ c | gi ỏi | h ơ n | r ấ t | nh iều
/workspace/data/voice_recognition/keyword_detection/data_public_s2t_new/fpt_public_dataset/wav/FPTOpenSpeechData_Set002_V0.1_005874.wav	bạn sẽ tìm giùm tôi số điện thoại đại sứ quán nhật chứ	0.0	4.104		b ạ n | s ẽ | t ì m | gi ù m | t ôi | s ố | đ iệ n | th oại | đ ại | s ứ | qu á n | nh ậ t | ch ứ
/workspace/data/voice_recognition/keyword_detection/data_public_s2t_new/common_voice/cv-corpus-8.0-2022-01-19/vi/clips/common_voice_vi_24173809.wav	em từ từ đã	0.0	3.78		e m | t ừ | t ừ | đ ã
/workspace/data/voice_recognition/keyword_detection/data_public_s2t_new/fpt_public_dataset/wav/FPTOpenSpeechData_Set001_V0.1_008114.wav	nữ trang này đi cùng với giấy chứng thực	0.0	2.352		n ữ | tr a ng | n ày | đ i | c ù ng | v ới | gi ấy | ch ứ ng | th ự c
/workspace/data/voice_recognition/keyword_detection/data_public_s2t_new/vin_keyword_set/vlsp2020_train_set_02/database_sa2_Jan4_Feb29_cleaned_utt_0000139758-1.wav	xét thi đua xét đặc xá của trại	0.0	2.39		x é t | th i | đ ua | x é t | đ ặ c | x á | c ủa | tr ại
/workspace/data/voice_recognition/keyword_detection/data_public_s2t_new/vin_keyword_set/vlsp2020_train_set_02/speaker_087-389134-1.wav	khoảng bốn mươi căn nhà khác bị hư hại từ một phần đến một nửa	0.0	4.276875		kh ỏa ng | b ố n | m ươi | c ă n | nh à | kh á c | b ị | h ư | h ại | t ừ | m ộ t | ph ầ n | đ ế n | m ộ t | n ửa
/workspace/data/voice_recognition/keyword_detection/data_public_s2t_new/vin_keyword_set/vlsp2020_train_set_02/database_sa4_Mar17_toApril11_cleaned_utt_0000081758-2.wav	đời một màu buồn dần trôi qua có ai hỏi vì sao	0.0	5.16		đ ời | m ộ t | m àu | b uồ n | d ầ n | tr ôi | qu a | c ó | ai | h ỏi | v ì | s ao
/workspace/data/voice_recognition/keyword_detection/data_public_s2t_new/vin_keyword_set/vlsp2020_train_set_02/speaker_736-360301-1.wav	khoảng mười lăm phút sau chiếc tàu chìm hoàn toàn	0.0	4.08		kh ỏa ng | m ười | l ă m | ph ú t | s au | ch iế c | t àu | ch ì m | h òa n | t òa n
/workspace/data/voice_recognition/keyword_detection/data_public_s2t_new/fpt_public_dataset/wav/FPTOpenSpeechData_Set002_V0.1_008921.wav	với mẹ tôi vẫn hết sức bình thường 	0.0	2.376		v ới | m ẹ | t ôi | v ẫ n | h ế t | s ứ c | b ì nh | th ườ ng
/workspace/data/voice_recognition/keyword_detection/data_public_s2t_new/fpt_public_dataset/wav/FPTOpenSpeechData_Set002_V0.1_011796.wav	đây là hãng bay mỹ tôi có thể giúp gì được bạn	0.0	4.416		đ ây | l à | h ã ng | b ay | m ỹ | t ôi | c ó | th ể | gi ú p | gì | đ ượ c | b ạ n
/workspace/data/voice_recognition/keyword_detection/data_public_s2t_new/fpt_public_dataset/wav/FPTOpenSpeechData_Set001_V0.1_003175.wav	tôi e sợ và hay bồn chồn	0.0	1.752		t ôi | e | s ợ | v à | h ay | b ồ n | ch ồ n
/workspace/data/voice_recognition/keyword_detection/data_public_s2t_new/vivos/train/waves/VIVOSSPK04/VIVOSSPK04_R076.wav	chỗ nghỉ chân trước lúc xuống đèo	0.0	2.6875		ch ỗ | ngh ỉ | ch â n | tr ướ c | l ú c | x uố ng | đ èo
/workspace/data/voice_recognition/keyword_detection/data_public_s2t_new/vin_keyword_set/vlsp2020_train_set_02/database_sa3_Jan21_Apr24_cleaned_utt_0000082261-1.wav	tôi nghĩ rằng nếu chính phủ thấy việc lọc cho đặc khu mà cho thuê dài ngày trong chín	0.0	6.36		t ôi | ngh ĩ | r ằ ng | n ếu | ch í nh | ph ủ | th ấy | v iệ c | l ọ c | ch o | đ ặ c | kh u | m à | ch o | th uê | d ài | ng ày | tr o ng | ch í n
/workspace/data/voice_recognition/keyword_detection/data_public_s2t_new/fpt_public_dataset/wav/FPTOpenSpeechData_Set001_V0.1_011964.wav	bạn có muốn  nghỉ xả hơi để thư giãn không	0.0	5.28		b ạ n | c ó | m uố n | ngh ỉ | x ả | h ơi | đ ể | th ư | gi ã n | kh ô ng
/workspace/data/voice_recognition/keyword_detection/data_public_s2t_new/fpt_public_dataset/wav/FPTOpenSpeechData_Set002_V0.1_007260.wav	làm thế nào để tôi tới được khu trưng bày thủy sinh	0.0	5.664		l à m | th ế | n ào | đ ể | t ôi | t ới | đ ượ c | kh u | tr ư ng | b ày | th ủy | s i nh
/workspace/data/voice_recognition/keyword_detection/data_public_s2t_new/vivos/train/waves/VIVOSSPK17/VIVOSSPK17_122.wav	ở nhà chờ hoài	0.0	1.6875		ở | nh à | ch ờ | h oài
/workspace/data/voice_recognition/keyword_detection/data_public_s2t_new/fpt_public_dataset/wav/FPTOpenSpeechData_Set002_V0.1_011181.wav	ví dụ người bệnh phải thường xuyên xịt rửa mũi 	0.0	4.176		v í | d ụ | ng ười | b ệ nh | ph ải | th ườ ng | x uyê n | x ị t | r ửa | m ũi
/workspace/data/voice_recognition/keyword_detection/data_public_s2t_new/vin_keyword_set/vlsp2020_train_set_02/speaker_319-228915-1.wav	thứ tư chích ngừa các bệnh như viêm gan siêu vi ung thư cổ tử cung	0.0	5.4799375		th ứ | t ư | ch í ch | ng ừa | c á c | b ệ nh | nh ư | v iê m | g a n | s iêu | v i | u ng | th ư | c ổ | t ử | c u ng
/workspace/data/voice_recognition/keyword_detection/data_public_s2t_new/vin_keyword_set/vlsp2020_train_set_02/database_sa2_Feb29_Mar06_Mar17_toApril06_cleaned_utt_0000081040-1.wav	gì giậy sao nhạc lắng đọng vậy	0.0	1.96		gì | gi ậy | s ao | nh ạ c | l ắ ng | đ ọ ng | v ậy
/workspace/data/voice_recognition/keyword_detection/data_public_s2t_new/vivos/train/waves/VIVOSSPK40/VIVOSSPK40_013.wav	nhìn đám học trò đang tò mò về diễn tiến câu chuyện lâm khẽ cười	0.0	5.468125		nh ì n | đ á m | h ọ c | tr ò | đ a ng | t ò | m ò | v ề | d iễ n | t iế n | c âu | ch uyệ n | l â m | kh ẽ | c ười
/workspace/data/voice_recognition/keyword_detection/data_public_s2t_new/vivos/train/waves/VIVOSSPK29/VIVOSSPK29_052.wav	ghi ba bàn trong một trận quan trọng như vậy quả là điều tuyệt vời	0.0	4.9375		gh i | b a | b à n | tr o ng | m ộ t | tr ậ n | qu a n | tr ọ ng | nh ư | v ậy | qu ả | l à | đ iều | t uyệ t | v ời
/workspace/data/voice_recognition/keyword_detection/data_public_s2t_new/vin_keyword_set/vlsp2020_train_set_02/database_sa2_Jan4_Feb29_cleaned_utt_0000136904-1.wav	bao nhiêu điều bác chỉ dẫn như vậy bây giờ rất sống động gọi là có tính thời sự mãi mãi là thế hay là bác còn nói thế này các đồng chí này bác bảo là dân đóng thuế các đồng chí mở tác phẩm bác ra có câu này nhá dân đóng thuế ý là để bổ nhiệm vào một công việc quan trọng hơn nữa cơ	0.0	18.57		b ao | nh iêu | đ iều | b á c | ch ỉ | d ẫ n | nh ư | v ậy | b ây | gi ờ | r ấ t | s ố ng | đ ộ ng | g ọi | l à | c ó | t í nh | th ời | s ự | m ãi | m ãi | l à | th ế | h ay | l à | b á c | c ò n | n ói | th ế | n ày | c á c | đ ồ ng | ch í | n ày | b á c | b ảo | l à | d â n | đ ó ng | th uế | c á c | đ ồ ng | ch í | m ở | t á c | ph ẩ m | b á c | r a | c ó | c âu | n ày | nh á | d â n | đ ó ng | th uế | ý | l à | đ ể | b ổ | nh iệ m | v ào | m ộ t | c ô ng | v iệ c | qu a n | tr ọ ng | h ơ n | n ữa | c ơ
/workspace/data/voice_recognition/keyword_detection/data_public_s2t_new/common_voice/cv-corpus-8.0-2022-01-19/vi/clips/common_voice_vi_24573949.wav	thời kỳ ở pháp	0.0	3.096		th ời | k ỳ | ở | ph á p
/workspace/data/voice_recognition/keyword_detection/data_public_s2t_new/vin_keyword_set/vlsp2020_train_set_02/database_sa3_Jan21_Apr24_cleaned_utt_0000036134-1.wav	khi đây là năm đầu tiên thừa thiên huế vượt qua con số một ngàn lao động ra nước ngoài làm việc theo hợp đồng có thời hạn	0.0	6.19		kh i | đ ây | l à | n ă m | đ ầu | t iê n | th ừa | th iê n | h uế | v ượ t | qu a | c o n | s ố | m ộ t | ng à n | l ao | đ ộ ng | r a | n ướ c | ng oài | l à m | v iệ c | th eo | h ợ p | đ ồ ng | c ó | th ời | h ạ n
/workspace/data/voice_recognition/keyword_detection/data_public_s2t_new/fpt_public_dataset/wav/FPTOpenSpeechData_Set002_V0.1_007736.wav	javier hernandez cũng đang nằm trong tầm ngắm của real madrid	0.0	4.752		j a v i e r | h e r n a n d e z | c ũ ng | đ a ng | n ằ m | tr o ng | t ầ m | ng ắ m | c ủa | r e a l | m a d r i d
/workspace/data/voice_recognition/keyword_detection/data_public_s2t_new/fpt_public_dataset/wav/FPTOpenSpeechData_Set002_V0.1_007707.wav	nhưng bà không sợ việc thiện sao nỡ bị phụ lòng 	0.0	5.136		nh ư ng | b à | kh ô ng | s ợ | v iệ c | th iệ n | s ao | n ỡ | b ị | ph ụ | l ò ng
/workspace/data/voice_recognition/keyword_detection/data_public_s2t_new/fpt_public_dataset/wav/FPTOpenSpeechData_Set001_V0.1_012852.wav	đang xem xét có đưa ra cáo buộc nào hay không	0.0	3.096		đ a ng | x e m | x é t | c ó | đ ưa | r a | c áo | b uộ c | n ào | h ay | kh ô ng
/workspace/data/voice_recognition/keyword_detection/data_public_s2t_new/vin_keyword_set/vlsp2020_train_set_02/database_sa2_Jan4_Feb29_cleaned_utt_0000051656-1.wav	toàn xã hoằng phụ huyện hoằng hóa có trên hai trăm héc ta nuôi tôm với gần năm trăm hộ tham gia nuôi chủ yếu là diện tích nuôi tôm bán công nghiệp nuôi quảng canh trong và ngoài đê diện tích nuôi công nghiệp chỉ khoảng mười héc ta	0.0	11.46		t òa n | x ã | h oằ ng | ph ụ | h uyệ n | h oằ ng | h óa | c ó | tr ê n | h ai | tr ă m | h é c | t a | n uôi | t ô m | v ới | g ầ n | n ă m | tr ă m | h ộ | th a m | gi a | n uôi | ch ủ | yếu | l à | d iệ n | t í ch | n uôi | t ô m | b á n | c ô ng | ngh iệ p | n uôi | qu ả ng | c a nh | tr o ng | v à | ng oài | đ ê | d iệ n | t í ch | n uôi | c ô ng | ngh iệ p | ch ỉ | kh ỏa ng | m ười | h é c | t a
/workspace/data/voice_recognition/keyword_detection/data_public_s2t_new/fpt_public_dataset/wav/FPTOpenSpeechData_Set002_V0.1_006800.wav	trên đường đi gặp bạn nào đạp xe mình vẫy quá giang 	0.0	6.336		tr ê n | đ ườ ng | đ i | g ặ p | b ạ n | n ào | đ ạ p | x e | m ì nh | v ẫy | qu á | gi a ng
/workspace/data/voice_recognition/keyword_detection/data_public_s2t_new/fpt_public_dataset/wav/FPTOpenSpeechData_Set002_V0.1_000823.wav	tôi chẳng nghĩ gì cứ tự nhiên mà lao vào hát cho bằng thích thôi 	0.0	4.896		t ôi | ch ẳ ng | ngh ĩ | gì | c ứ | t ự | nh iê n | m à | l ao | v ào | h á t | ch o | b ằ ng | th í ch | th ôi
/workspace/data/voice_recognition/keyword_detection/data_public_s2t_new/vin_keyword_set/vlsp2020_train_set_02/database_sa4_Mar17_toApril11_cleaned_utt_0000004919-1.wav	ê cũng được bố	0.0	2.3		ê | c ũ ng | đ ượ c | b ố
/workspace/data/voice_recognition/keyword_detection/data_public_s2t_new/fpt_public_dataset/wav/FPTOpenSpeechData_Set002_V0.1_000660.wav	tại trụ sở công an định thừa nhận hành vi phạm tội của mình 	0.0	4.992		t ại | tr ụ | s ở | c ô ng | a n | đ ị nh | th ừa | nh ậ n | h à nh | v i | ph ạ m | t ội | c ủa | m ì nh
/workspace/data/voice_recognition/keyword_detection/data_public_s2t_new/fpt_public_dataset/wav/FPTOpenSpeechData_Set001_V0.1_001242.wav	xin cám ơn vì ngân phiếu của anh cho ngân hàng chúng	0.0	2.928		x i n | c á m | ơ n | v ì | ng â n | ph iếu | c ủa | a nh | ch o | ng â n | h à ng | ch ú ng
/workspace/data/voice_recognition/keyword_detection/data_public_s2t_new/vin_keyword_set/vlsp2020_train_set_02/database_sa2_Feb29_Mar06_Mar17_toApril06_cleaned_utt_0000076553-1.wav	lính có khi thật nhớ nhà nhờ gió đem lời	0.0	5.67		l í nh | c ó | kh i | th ậ t | nh ớ | nh à | nh ờ | gi ó | đ e m | l ời
/workspace/data/voice_recognition/keyword_detection/data_public_s2t_new/fpt_public_dataset/wav/FPTOpenSpeechData_Set001_V0.1_012536.wav	thôi thì trăm sự nhờ chứng khoán	0.0	4.512		th ôi | th ì | tr ă m | s ự | nh ờ | ch ứ ng | kh óa n
/workspace/data/voice_recognition/keyword_detection/data_public_s2t_new/vin_keyword_set/vlsp2020_train_set_02/speaker_578-115554-1.wav	giấy phép bank sắp kết duyên với nhà băng ngoại	0.0	2.6453125		gi ấy | ph é p | b a n k | s ắ p | k ế t | d uyê n | v ới | nh à | b ă ng | ng oại
/workspace/data/voice_recognition/keyword_detection/data_public_s2t_new/fpt_public_dataset/wav/FPTOpenSpeechData_Set001_V0.1_000294.wav	tôi có thể nói mấy câu được không	0.0	1.944		t ôi | c ó | th ể | n ói | m ấy | c âu | đ ượ c | kh ô ng
/workspace/data/voice_recognition/keyword_detection/data_public_s2t_new/vivos/train/waves/VIVOSSPK23/VIVOSSPK23_021.wav	thật ra đối với rất nhiều người hình phạt tù tội không đáng sợ bằng thái độ ghẻ lạnh của cộng đồng	0.0	4.75		th ậ t | r a | đ ối | v ới | r ấ t | nh iều | ng ười | h ì nh | ph ạ t | t ù | t ội | kh ô ng | đ á ng | s ợ | b ằ ng | th ái | đ ộ | gh ẻ | l ạ nh | c ủa | c ộ ng | đ ồ ng
/workspace/data/voice_recognition/keyword_detection/data_public_s2t_new/vin_keyword_set/vlsp2020_train_set_02/database_sa4_Mar17_toApril11_cleaned_utt_0000094199-1.wav	chưa nổi tiếng mà mặt đã chảnh thế rồi	0.0	1.69		ch ưa | n ổi | t iế ng | m à | m ặ t | đ ã | ch ả nh | th ế | r ồi
/workspace/data/voice_recognition/keyword_detection/data_public_s2t_new/vivos/train/waves/VIVOSSPK07/VIVOSSPK07_R128.wav	mái tóc bạc của bà xòa trên khuôn mặt thân thương	0.0	4.25		m ái | t ó c | b ạ c | c ủa | b à | x òa | tr ê n | kh uô n | m ặ t | th â n | th ươ ng
/workspace/data/voice_recognition/keyword_detection/data_public_s2t_new/fpt_public_dataset/wav/FPTOpenSpeechData_Set001_V0.1_008448.wav	tôi uống hai chai bia và một cô ca từ tủ lạnh	0.0	4.44		t ôi | uố ng | h ai | ch ai | b ia | v à | m ộ t | c ô | c a | t ừ | t ủ | l ạ nh
/workspace/data/voice_recognition/keyword_detection/data_public_s2t_new/fpt_public_dataset/wav/FPTOpenSpeechData_Set001_V0.1_002500.wav	từ kết quả nghiên cứu này ông minh và các đồng sự	0.0	3.528		t ừ | k ế t | qu ả | ngh iê n | c ứu | n ày | ô ng | m i nh | v à | c á c | đ ồ ng | s ự
/workspace/data/voice_recognition/keyword_detection/data_public_s2t_new/vin_keyword_set/vlsp2020_train_set_02/database_sa3_1_150h_15Jan2020_cleaned_utt_0000051606-1.wav	những người mà gặp em ngay lần đầu tiên thì không ai nghĩ là em đang theo đuổi dòng nhạc dân gian	0.0	5.31		nh ữ ng | ng ười | m à | g ặ p | e m | ng ay | l ầ n | đ ầu | t iê n | th ì | kh ô ng | ai | ngh ĩ | l à | e m | đ a ng | th eo | đ uổi | d ò ng | nh ạ c | d â n | gi a n
/workspace/data/voice_recognition/keyword_detection/data_public_s2t_new/vin_keyword_set/vlsp2020_train_set_02/speaker_300-045467-1.wav	căn cứ vào sự kết thành của nội dung bộ sách cũng như cú pháp thì không thể nào tin được	0.0	5.888		c ă n | c ứ | v ào | s ự | k ế t | th à nh | c ủa | n ội | d u ng | b ộ | s á ch | c ũ ng | nh ư | c ú | ph á p | th ì | kh ô ng | th ể | n ào | t i n | đ ượ c
/workspace/data/voice_recognition/keyword_detection/data_public_s2t_new/fpt_public_dataset/wav/FPTOpenSpeechData_Set002_V0.1_005104.wav	anh ta đi dạo trên bãi biển vòng tay qua eo người phụ nữ của mình 	0.0	4.104		a nh | t a | đ i | d ạo | tr ê n | b ãi | b iể n | v ò ng | t ay | qu a | eo | ng ười | ph ụ | n ữ | c ủa | m ì nh
/workspace/data/voice_recognition/keyword_detection/data_public_s2t_new/vin_keyword_set/vlsp2020_train_set_02/database_sa4_Mar17_toApril11_cleaned_utt_0000031719-1.wav	bạn có rất nhiều sở trường như là	0.0	2.45		b ạ n | c ó | r ấ t | nh iều | s ở | tr ườ ng | nh ư | l à
/workspace/data/voice_recognition/keyword_detection/data_public_s2t_new/common_voice/cv-corpus-8.0-2022-01-19/vi/clips/common_voice_vi_23926709.wav	nên nghiêm giọng hỏi	0.0	3.696		n ê n | ngh iê m | gi ọ ng | h ỏi
/workspace/data/voice_recognition/keyword_detection/data_public_s2t_new/fpt_public_dataset/wav/FPTOpenSpeechData_Set002_V0.1_009417.wav	phân tích kỹ thuật cũng cho thấy các chỉ số đang lên trong trung hạn 	0.0	4.896		ph â n | t í ch | k ỹ | th uậ t | c ũ ng | ch o | th ấy | c á c | ch ỉ | s ố | đ a ng | l ê n | tr o ng | tr u ng | h ạ n
/workspace/data/voice_recognition/keyword_detection/data_public_s2t_new/vin_keyword_set/vlsp2020_train_set_02/database_sa1_Mar20_May04_cleaned_utt_0000043919-1.wav	gia đình đồng ý hết không hay là cũng tự động hiểu	0.0	3.42		gi a | đ ì nh | đ ồ ng | ý | h ế t | kh ô ng | h ay | l à | c ũ ng | t ự | đ ộ ng | h iểu
/workspace/data/voice_recognition/keyword_detection/data_public_s2t_new/vivos/train/waves/VIVOSSPK26/VIVOSSPK26_070.wav	tôi đã dần quên đi bao muộn phiền trong cuộc sống riêng của mình nhưng giờ đây tôi lại thấy buồn vì xa em	0.0	7.65625		t ôi | đ ã | d ầ n | qu ê n | đ i | b ao | m uộ n | ph iề n | tr o ng | c uộ c | s ố ng | r iê ng | c ủa | m ì nh | nh ư ng | gi ờ | đ ây | t ôi | l ại | th ấy | b uồ n | v ì | x a | e m
/workspace/data/voice_recognition/keyword_detection/data_public_s2t_new/vin_keyword_set/vlsp2020_train_set_02/speaker_567-116315-1.wav	việc tuyển dụng phải tuân thủ theo đúng quy định	0.0	2.7166875		v iệ c | t uyể n | d ụ ng | ph ải | t uâ n | th ủ | th eo | đ ú ng | qu y | đ ị nh
/workspace/data/voice_recognition/keyword_detection/data_public_s2t_new/vin_keyword_set/vlsp2020_train_set_02/speaker_455-071187-1.wav	con không ngoan không tốt nhưng chưa bao giờ con quên ba mẹ mới là người yêu thương con nhất	0.0	5.9		c o n | kh ô ng | ng oa n | kh ô ng | t ố t | nh ư ng | ch ưa | b ao | gi ờ | c o n | qu ê n | b a | m ẹ | m ới | l à | ng ười | yêu | th ươ ng | c o n | nh ấ t
/workspace/data/voice_recognition/keyword_detection/data_public_s2t_new/vin_keyword_set/vlsp2020_train_set_02/speaker_581-083556-1.wav	tôi có một vài ý kiến về điểm sàn vào đại học	0.0	3.13		t ôi | c ó | m ộ t | v ài | ý | k iế n | v ề | đ iể m | s à n | v ào | đ ại | h ọ c
/workspace/data/voice_recognition/keyword_detection/data_public_s2t_new/vin_keyword_set/vlsp2020_train_set_02/spkyut-20190730-utt000003386.wav	sơn muốn dùng nguyên liệu là tất cả các sản phẩm của cửa hàng này	0.0	4.2		s ơ n | m uố n | d ù ng | ng uyê n | l iệu | l à | t ấ t | c ả | c á c | s ả n | ph ẩ m | c ủa | c ửa | h à ng | n ày
/workspace/data/voice_recognition/keyword_detection/data_public_s2t_new/vin_keyword_set/vlsp2020_train_set_02/database_sa2_Feb29_Mar06_Mar17_toApril06_cleaned_utt_0000144189-1.wav	thượng nghị sĩ lây la đờ lây ma tuần qua đã gọi một tay từng giết người ra làm chứng trước ủy ban tư pháp của bà trong cuộc điều trần éc ga ma tô ba tô nói tổng thống đu tê tê đã ra lệnh giết hơn một ngàn người và đích thân ông chịu trách nhiệm trong việc giết chết ít nhất một người	0.0	16.1		th ượ ng | ngh ị | s ĩ | l ây | l a | đ ờ | l ây | m a | t uầ n | qu a | đ ã | g ọi | m ộ t | t ay | t ừ ng | gi ế t | ng ười | r a | l à m | ch ứ ng | tr ướ c | ủy | b a n | t ư | ph á p | c ủa | b à | tr o ng | c uộ c | đ iều | tr ầ n | é c | g a | m a | t ô | b a | t ô | n ói | t ổ ng | th ố ng | đ u | t ê | t ê | đ ã | r a | l ệ nh | gi ế t | h ơ n | m ộ t | ng à n | ng ười | v à | đ í ch | th â n | ô ng | ch ịu | tr á ch | nh iệ m | tr o ng | v iệ c | gi ế t | ch ế t | í t | nh ấ t | m ộ t | ng ười
/workspace/data/voice_recognition/keyword_detection/data_public_s2t_new/vivos/train/waves/VIVOSSPK12/VIVOSSPK12_R064.wav	đi lên phố triệng vào nhà bạn	0.0	3.75		đ i | l ê n | ph ố | tr iệ ng | v ào | nh à | b ạ n
/workspace/data/voice_recognition/keyword_detection/data_public_s2t_new/vivos/train/waves/VIVOSSPK41/VIVOSSPK41_111.wav	nếu tôi phát bệnh thực sự tôi có thể ở nhà	0.0	2.593125		n ếu | t ôi | ph á t | b ệ nh | th ự c | s ự | t ôi | c ó | th ể | ở | nh à
/workspace/data/voice_recognition/keyword_detection/data_public_s2t_new/vin_keyword_set/vlsp2020_train_set_02/spkyut-20190730-utt000003452.wav	sau đó truyền cấu trúc gen vào những con necromorph để chúng thích nghi với môi trường tại địa điểm đó đây là lý do mà có nhiều chủng loại quái vật sống ở những môi trường khác nhau	0.0	8.879		s au | đ ó | tr uyề n | c ấu | tr ú c | g e n | v ào | nh ữ ng | c o n | n e c r o m o r ph | đ ể | ch ú ng | th í ch | ngh i | v ới | m ôi | tr ườ ng | t ại | đ ịa | đ iể m | đ ó | đ ây | l à | l ý | d o | m à | c ó | nh iều | ch ủ ng | l oại | qu ái | v ậ t | s ố ng | ở | nh ữ ng | m ôi | tr ườ ng | kh á c | nh au
/workspace/data/voice_recognition/keyword_detection/data_public_s2t_new/vivos/train/waves/VIVOSSPK25/VIVOSSPK25_171.wav	hệ thống tiền đình không có thông tin về hình ảnh mà chỉ thấy chuyển động nên não không biết dựa vào đâu để phán đoán và gây nôn mửa	0.0	11.125		h ệ | th ố ng | t iề n | đ ì nh | kh ô ng | c ó | th ô ng | t i n | v ề | h ì nh | ả nh | m à | ch ỉ | th ấy | ch uyể n | đ ộ ng | n ê n | n ão | kh ô ng | b iế t | d ựa | v ào | đ âu | đ ể | ph á n | đ óa n | v à | g ây | n ô n | m ửa
/workspace/data/voice_recognition/keyword_detection/data_public_s2t_new/vin_keyword_set/vlsp2020_train_set_02/spkyut-20190730-utt000004746.wav	cây này được trả giá trên tỷ đồng năm người dân thôn phụ chính đã làm đơn xin chính quyền cấp phép bán cây sưa để phục vụ	0.0	8.875		c ây | n ày | đ ượ c | tr ả | gi á | tr ê n | t ỷ | đ ồ ng | n ă m | ng ười | d â n | th ô n | ph ụ | ch í nh | đ ã | l à m | đ ơ n | x i n | ch í nh | qu yề n | c ấ p | ph é p | b á n | c ây | s ưa | đ ể | ph ụ c | v ụ
/workspace/data/voice_recognition/keyword_detection/data_public_s2t_new/fpt_public_dataset/wav/FPTOpenSpeechData_Set001_V0.1_012737.wav	năm phải đầu tư vào nguồn lực tài chính	0.0	3.024		n ă m | ph ải | đ ầu | t ư | v ào | ng uồ n | l ự c | t ài | ch í nh
/workspace/data/voice_recognition/keyword_detection/data_public_s2t_new/vin_keyword_set/vlsp2020_train_set_02/database_sa3_Jan21_Apr24_cleaned_utt_0000028931-1.wav	công ty cổ phần bảy mươi chín công ty cổ phần bắc nam bảy chín và ông cũng góp vốn vào một số công ty khác	0.0	6.19		c ô ng | t y | c ổ | ph ầ n | b ảy | m ươi | ch í n | c ô ng | t y | c ổ | ph ầ n | b ắ c | n a m | b ảy | ch í n | v à | ô ng | c ũ ng | g ó p | v ố n | v ào | m ộ t | s ố | c ô ng | t y | kh á c
/workspace/data/voice_recognition/keyword_detection/data_public_s2t_new/vivos/train/waves/VIVOSSPK01/VIVOSSPK01_T010.wav	thành thật chia buồn	0.0	2.375		th à nh | th ậ t | ch ia | b uồ n
/workspace/data/voice_recognition/keyword_detection/data_public_s2t_new/vin_keyword_set/vlsp2020_train_set_02/speaker_710-389147-1.wav	thứ tư chưa thống kê cụ thể được tài sản cá nhân của các thủy thủ bị cướp lấy đi	0.0	4.35		th ứ | t ư | ch ưa | th ố ng | k ê | c ụ | th ể | đ ượ c | t ài | s ả n | c á | nh â n | c ủa | c á c | th ủy | th ủ | b ị | c ướ p | l ấy | đ i
/workspace/data/voice_recognition/keyword_detection/data_public_s2t_new/vin_keyword_set/vlsp2020_train_set_02/database_sa1_Mar20_May04_cleaned_utt_0000048535-1.wav	bắt đầu đi xuân	0.0	1.42		b ắ t | đ ầu | đ i | x uâ n
/workspace/data/voice_recognition/keyword_detection/data_public_s2t_new/fpt_public_dataset/wav/FPTOpenSpeechData_Set002_V0.1_008101.wav	microsoft đã tốn khá nhiều thời gian vào việc bảo mật cho vista	0.0	4.632		m i c r o s o f t | đ ã | t ố n | kh á | nh iều | th ời | gi a n | v ào | v iệ c | b ảo | m ậ t | ch o | v i s t a
/workspace/data/voice_recognition/keyword_detection/data_public_s2t_new/fpt_public_dataset/wav/FPTOpenSpeechData_Set002_V0.1_010210.wav	nhưng như ông lộc phân tích thì trước tiên đây là việc chưa có tiền lệ 	0.0	4.944		nh ư ng | nh ư | ô ng | l ộ c | ph â n | t í ch | th ì | tr ướ c | t iê n | đ ây | l à | v iệ c | ch ưa | c ó | t iề n | l ệ
/workspace/data/voice_recognition/keyword_detection/data_public_s2t_new/vin_keyword_set/vlsp2020_train_set_02/speaker_383-115654-1.wav	tuy nhiên ông phần lớn dựa vào quân của lưu lao chi còn họ lưu thì không tin cậy tư mã nguyên hiển	0.0	7.81		t uy | nh iê n | ô ng | ph ầ n | l ớ n | d ựa | v ào | qu â n | c ủa | l ưu | l ao | ch i | c ò n | h ọ | l ưu | th ì | kh ô ng | t i n | c ậy | t ư | m ã | ng uyê n | h iể n
/workspace/data/voice_recognition/keyword_detection/data_public_s2t_new/vin_keyword_set/vlsp2020_train_set_02/database_sa1_Mar20_May04_cleaned_utt_0000068050-1.wav	thôi đi anh bị điên rồi hả	0.0	3.08		th ôi | đ i | a nh | b ị | đ iê n | r ồi | h ả
/workspace/data/voice_recognition/keyword_detection/data_public_s2t_new/vin_keyword_set/vlsp2020_train_set_02/database_sa2_Feb29_Mar06_Mar17_toApril06_cleaned_utt_0000123027-1.wav	bao gồm cả kênh liên triều và giữa quân đội với quân đội để giảm nguy cơ một sự hiểu lầm leo thang thành xung đột ông gu tê rớt nói trong khi tất cả những nước lo ngại tìm cách tránh vô tình leo thang căng thẳng dẫn đến xung đột	0.0	10.65		b ao | g ồ m | c ả | k ê nh | l iê n | tr iều | v à | gi ữa | qu â n | đ ội | v ới | qu â n | đ ội | đ ể | gi ả m | ng uy | c ơ | m ộ t | s ự | h iểu | l ầ m | l eo | th a ng | th à nh | x u ng | đ ộ t | ô ng | g u | t ê | r ớ t | n ói | tr o ng | kh i | t ấ t | c ả | nh ữ ng | n ướ c | l o | ng ại | t ì m | c á ch | tr á nh | v ô | t ì nh | l eo | th a ng | c ă ng | th ẳ ng | d ẫ n | đ ế n | x u ng | đ ộ t
/workspace/data/voice_recognition/keyword_detection/data_public_s2t_new/vivos/train/waves/VIVOSSPK06/VIVOSSPK06_R024.wav	những lúc rảnh rỗi	0.0	2.71875		nh ữ ng | l ú c | r ả nh | r ỗi
/workspace/data/voice_recognition/keyword_detection/data_public_s2t_new/vin_keyword_set/vlsp2020_train_set_02/database_sa2_Jan4_Feb29_cleaned_utt_0000121132-2.wav	trong một số trang goép như là trang web của bà su dan ni lơ và thấy có sáu tên của sáu người nước ngoài và không có tên người việt nam	0.0	5.27		tr o ng | m ộ t | s ố | tr a ng | g óe p | nh ư | l à | tr a ng | w e b | c ủa | b à | s u | d a n | n i | l ơ | v à | th ấy | c ó | s áu | t ê n | c ủa | s áu | ng ười | n ướ c | ng oài | v à | kh ô ng | c ó | t ê n | ng ười | v iệ t | n a m
/workspace/data/voice_recognition/keyword_detection/data_public_s2t_new/vin_keyword_set/vlsp2020_train_set_02/speaker_047-041752-1.wav	tuy nhiên khi máy phát điện được nối vào một lưới có công suất rất lớn so với máy phát việc tăng giảm dòng kích thích hầu như không làm thay đổi điện áp lưới	0.0	10.37		t uy | nh iê n | kh i | m áy | ph á t | đ iệ n | đ ượ c | n ối | v ào | m ộ t | l ưới | c ó | c ô ng | s uấ t | r ấ t | l ớ n | s o | v ới | m áy | ph á t | v iệ c | t ă ng | gi ả m | d ò ng | k í ch | th í ch | h ầu | nh ư | kh ô ng | l à m | th ay | đ ổi | đ iệ n | á p | l ưới
/workspace/data/voice_recognition/keyword_detection/data_public_s2t_new/vin_keyword_set/vlsp2020_train_set_02/database_sa2_Feb29_Mar06_Mar17_toApril06_cleaned_utt_0000097596-1.wav	vâng và bây giờ chính bạn cũng hình như không chắc chắn lắm	0.0	4.89		v â ng | v à | b ây | gi ờ | ch í nh | b ạ n | c ũ ng | h ì nh | nh ư | kh ô ng | ch ắ c | ch ắ n | l ắ m
/workspace/data/voice_recognition/keyword_detection/data_public_s2t_new/vivos/train/waves/VIVOSSPK07/VIVOSSPK07_R004.wav	nhưng chân tôi còn ngắn	0.0	3.25		nh ư ng | ch â n | t ôi | c ò n | ng ắ n
/workspace/data/voice_recognition/keyword_detection/data_public_s2t_new/vin_keyword_set/vlsp2020_train_set_02/database_sa4_2019-01-08_2020-03-16_cleaned_utt_0000047657-1.wav	làm thế nào để có chất lượng giáo dục tốt trong khi cơ sở vật chất của chúng ta còn nhiều hạn chế	0.0	4.75		l à m | th ế | n ào | đ ể | c ó | ch ấ t | l ượ ng | gi áo | d ụ c | t ố t | tr o ng | kh i | c ơ | s ở | v ậ t | ch ấ t | c ủa | ch ú ng | t a | c ò n | nh iều | h ạ n | ch ế
/workspace/data/voice_recognition/keyword_detection/data_public_s2t_new/fpt_public_dataset/wav/FPTOpenSpeechData_Set002_V0.1_009100.wav	nay việc kiểm chứng trở nên khó khăn phản ứng kịp thời đó không có 	0.0	5.736		n ay | v iệ c | k iể m | ch ứ ng | tr ở | n ê n | kh ó | kh ă n | ph ả n | ứ ng | k ị p | th ời | đ ó | kh ô ng | c ó
/workspace/data/voice_recognition/keyword_detection/data_public_s2t_new/vivos/train/waves/VIVOSSPK33/VIVOSSPK33_160.wav	hãy luôn cố gắng để đạt được ước mơ nghề nghiệp của mình bạn nhé	0.0	5.75		h ãy | l uô n | c ố | g ắ ng | đ ể | đ ạ t | đ ượ c | ướ c | m ơ | ngh ề | ngh iệ p | c ủa | m ì nh | b ạ n | nh é
/workspace/data/voice_recognition/keyword_detection/data_public_s2t_new/vin_keyword_set/vlsp2020_train_set_02/database_sa3_1_150h_15Jan2020_cleaned_utt_0000005205-1.wav	a lô vê tê xê mười sáu xin nghe ạ	0.0	2.04		a | l ô | v ê | t ê | x ê | m ười | s áu | x i n | ngh e | ạ
/workspace/data/voice_recognition/keyword_detection/data_public_s2t_new/vin_keyword_set/vlsp2020_train_set_02/database_sa2_Feb29_Mar06_Mar17_toApril06_cleaned_utt_0000179450-1.wav	thế là chả ai biết em là khỉ hay là khỉ là em nữa đúng không ạ	0.0	4.81		th ế | l à | ch ả | ai | b iế t | e m | l à | kh ỉ | h ay | l à | kh ỉ | l à | e m | n ữa | đ ú ng | kh ô ng | ạ
/workspace/data/voice_recognition/keyword_detection/data_public_s2t_new/vin_keyword_set/vlsp2020_train_set_02/database_sa4_Mar17_toApril11_cleaned_utt_0000113466-1.wav	là chứng minh là người vợ người chồng khi tới đây là đã có bảo hiểm trong vòng ba mươi ngày chứ không phải là bước chân vào mỹ rồi mới mua	0.0	6.68		l à | ch ứ ng | m i nh | l à | ng ười | v ợ | ng ười | ch ồ ng | kh i | t ới | đ ây | l à | đ ã | c ó | b ảo | h iể m | tr o ng | v ò ng | b a | m ươi | ng ày | ch ứ | kh ô ng | ph ải | l à | b ướ c | ch â n | v ào | m ỹ | r ồi | m ới | m ua
/workspace/data/voice_recognition/keyword_detection/data_public_s2t_new/vivos/train/waves/VIVOSSPK02/VIVOSSPK02_R124.wav	khi bạn cố gắng để thay đổi những người khác	0.0	3.9375		kh i | b ạ n | c ố | g ắ ng | đ ể | th ay | đ ổi | nh ữ ng | ng ười | kh á c
/workspace/data/voice_recognition/keyword_detection/data_public_s2t_new/vin_keyword_set/vlsp2020_train_set_02/database_sa3_Jan21_Apr24_cleaned_utt_0000061701-1.wav	mỗi nội dung gồm mười đội thi đấu sau lễ khai mạc các đội tiến hành thi đấu các trận vòng bảng ngày hai mươi mốt tháng bảy bắt đầu vào vòng đấu loại trực tiếp	0.0	7.5		m ỗi | n ội | d u ng | g ồ m | m ười | đ ội | th i | đ ấu | s au | l ễ | kh ai | m ạ c | c á c | đ ội | t iế n | h à nh | th i | đ ấu | c á c | tr ậ n | v ò ng | b ả ng | ng ày | h ai | m ươi | m ố t | th á ng | b ảy | b ắ t | đ ầu | v ào | v ò ng | đ ấu | l oại | tr ự c | t iế p
/workspace/data/voice_recognition/keyword_detection/data_public_s2t_new/vivos/train/waves/VIVOSSPK19/VIVOSSPK19_197.wav	và đây là khu vực dân cư lao động nghèo	0.0	3.90625		v à | đ ây | l à | kh u | v ự c | d â n | c ư | l ao | đ ộ ng | ngh èo
/workspace/data/voice_recognition/keyword_detection/data_public_s2t_new/vin_keyword_set/vlsp2020_train_set_02/database_sa3_Jan21_Apr24_cleaned_utt_0000024091-1.wav	chúng tôi định chuyển tới vào cuối tháng này	0.0	2.6		ch ú ng | t ôi | đ ị nh | ch uyể n | t ới | v ào | c uối | th á ng | n ày
/workspace/data/voice_recognition/keyword_detection/data_public_s2t_new/vin_keyword_set/vlsp2020_train_set_02/speaker_024-018359-1.wav	giáo sư ngô bảo châu từng được trao nhiều giải thưởng toán học uy tín thế giới như	0.0	5.12		gi áo | s ư | ng ô | b ảo | ch âu | t ừ ng | đ ượ c | tr ao | nh iều | gi ải | th ưở ng | t óa n | h ọ c | uy | t í n | th ế | gi ới | nh ư
/workspace/data/voice_recognition/keyword_detection/data_public_s2t_new/vin_keyword_set/vlsp2020_train_set_02/database_sa2_Feb29_Mar06_Mar17_toApril06_cleaned_utt_0000084809-1.wav	lúc nãy có khoe là sẽ ra một em vi rồi còn gì nữa không ạ	0.0	3.01		l ú c | n ãy | c ó | kh oe | l à | s ẽ | r a | m ộ t | e m | v i | r ồi | c ò n | gì | n ữa | kh ô ng | ạ
/workspace/data/voice_recognition/keyword_detection/data_public_s2t_new/vin_keyword_set/vlsp2020_train_set_02/spkyut-20190730-utt000001888.wav	người luôn có thời gian rảnh sẽ rất khó thành công còn người lúc nào cũng bận rộn mới có nhiều cơ hội để thành công	0.0	8.741		ng ười | l uô n | c ó | th ời | gi a n | r ả nh | s ẽ | r ấ t | kh ó | th à nh | c ô ng | c ò n | ng ười | l ú c | n ào | c ũ ng | b ậ n | r ộ n | m ới | c ó | nh iều | c ơ | h ội | đ ể | th à nh | c ô ng
/workspace/data/voice_recognition/keyword_detection/data_public_s2t_new/fpt_public_dataset/wav/FPTOpenSpeechData_Set001_V0.1_000385.wav	mặc dù có vẻ ghê gớm bạn rất sợ bị tổn	0.0	3.672		m ặ c | d ù | c ó | v ẻ | gh ê | g ớ m | b ạ n | r ấ t | s ợ | b ị | t ổ n
/workspace/data/voice_recognition/keyword_detection/data_public_s2t_new/vin_keyword_set/vlsp2020_train_set_02/spkyut-20190730-utt000001082.wav	hollywood là biểu tượng của những giấc mơ trở thành sự thật vì hàng ngàn người mang theo hy vọng đã chuyển đến los angeles để theo đuổi sự nghiệp ở vùng đất giải trí	0.0	8.332		h o l l y w oo d | l à | b iểu | t ượ ng | c ủa | nh ữ ng | gi ấ c | m ơ | tr ở | th à nh | s ự | th ậ t | v ì | h à ng | ng à n | ng ười | m a ng | th eo | h y | v ọ ng | đ ã | ch uyể n | đ ế n | l o s | a ng e l e s | đ ể | th eo | đ uổi | s ự | ngh iệ p | ở | v ù ng | đ ấ t | gi ải | tr í
/workspace/data/voice_recognition/keyword_detection/data_public_s2t_new/vivos/train/waves/VIVOSSPK01/VIVOSSPK01_R119.wav	khi tên lửa bay lên	0.0	2.46875		kh i | t ê n | l ửa | b ay | l ê n
/workspace/data/voice_recognition/keyword_detection/data_public_s2t_new/fpt_public_dataset/wav/FPTOpenSpeechData_Set002_V0.1_002646.wav	nhóm cổ phiếu công nghệ bứt phá mạnh nhất thị trường với sự dẫn đầu của cisco	0.0	7.272		nh ó m | c ổ | ph iếu | c ô ng | ngh ệ | b ứ t | ph á | m ạ nh | nh ấ t | th ị | tr ườ ng | v ới | s ự | d ẫ n | đ ầu | c ủa | c i s c o
/workspace/data/voice_recognition/keyword_detection/data_public_s2t_new/common_voice/cv-corpus-8.0-2022-01-19/vi/clips/common_voice_vi_24171786.wav	sao trời linh thế	0.0	3.708		s ao | tr ời | l i nh | th ế
/workspace/data/voice_recognition/keyword_detection/data_public_s2t_new/common_voice/cv-corpus-8.0-2022-01-19/vi/clips/common_voice_vi_24144153.wav	mày sẽ đưa tao đi cùng khắp mọi nơi	0.0	4.5		m ày | s ẽ | đ ưa | t ao | đ i | c ù ng | kh ắ p | m ọi | n ơi
/workspace/data/voice_recognition/keyword_detection/data_public_s2t_new/fpt_public_dataset/wav/FPTOpenSpeechData_Set001_V0.1_010713.wav	cách nhà bạn bao xa	0.0	1.488		c á ch | nh à | b ạ n | b ao | x a
/workspace/data/voice_recognition/keyword_detection/data_public_s2t_new/vin_keyword_set/vlsp2020_train_set_02/database_sa4_Mar17_toApril11_cleaned_utt_0000024981-1.wav	chủ tịch ủy ban nhân dân thành phố hà nội xin cam kết như sau một trực tiếp kiểm tra đoàn thanh tra chỉ đạo sát sao làm đúng sự thật khách quan và đúng pháp luật khu vực đất đồng sênh rõ ràng đâu là đất quốc phòng đâu là đất nông nghiệp không mập mờ đảm bảo đúng quyền lợi cho nhân dân đồng tâm theo quy định của pháp luật	0.0	27.56		ch ủ | t ị ch | ủy | b a n | nh â n | d â n | th à nh | ph ố | h à | n ội | x i n | c a m | k ế t | nh ư | s au | m ộ t | tr ự c | t iế p | k iể m | tr a | đ òa n | th a nh | tr a | ch ỉ | đ ạo | s á t | s ao | l à m | đ ú ng | s ự | th ậ t | kh á ch | qu a n | v à | đ ú ng | ph á p | l uậ t | kh u | v ự c | đ ấ t | đ ồ ng | s ê nh | r õ | r à ng | đ âu | l à | đ ấ t | qu ố c | ph ò ng | đ âu | l à | đ ấ t | n ô ng | ngh iệ p | kh ô ng | m ậ p | m ờ | đ ả m | b ảo | đ ú ng | qu yề n | l ợi | ch o | nh â n | d â n | đ ồ ng | t â m | th eo | qu y | đ ị nh | c ủa | ph á p | l uậ t
/workspace/data/voice_recognition/keyword_detection/data_public_s2t_new/vivos/train/waves/VIVOSSPK05/VIVOSSPK05_T010.wav	người miền bắc cứ hễ yêu ai là bắt phải về nhà ra mắt	0.0	4.3125		ng ười | m iề n | b ắ c | c ứ | h ễ | yêu | ai | l à | b ắ t | ph ải | v ề | nh à | r a | m ắ t
/workspace/data/voice_recognition/keyword_detection/data_public_s2t_new/vivos/train/waves/VIVOSSPK32/VIVOSSPK32_087.wav	có bốn người trong số tám sáng lập viên của nhóm đã quyết định công khai danh tánh của mình	0.0	7.5		c ó | b ố n | ng ười | tr o ng | s ố | t á m | s á ng | l ậ p | v iê n | c ủa | nh ó m | đ ã | qu yế t | đ ị nh | c ô ng | kh ai | d a nh | t á nh | c ủa | m ì nh
/workspace/data/voice_recognition/keyword_detection/data_public_s2t_new/vin_keyword_set/vlsp2020_train_set_02/database_sa1_Jan08_Mar19_cleaned_utt_0000021169-1.wav	không hẳn là đứng đầu trong cuộc chơi của nó ngay bây giờ nhưng nó cũng không chỉ là một cái bóng của phiên bản trước đây	0.0	5.73		kh ô ng | h ẳ n | l à | đ ứ ng | đ ầu | tr o ng | c uộ c | ch ơi | c ủa | n ó | ng ay | b ây | gi ờ | nh ư ng | n ó | c ũ ng | kh ô ng | ch ỉ | l à | m ộ t | c ái | b ó ng | c ủa | ph iê n | b ả n | tr ướ c | đ ây
/workspace/data/voice_recognition/keyword_detection/data_public_s2t_new/vin_keyword_set/vlsp2020_train_set_02/database_sa2_Feb29_Mar06_Mar17_toApril06_cleaned_utt_0000061193-1.wav	hóa ra là nó lấy anh em mình để diễn thử kịch bản phim mới à	0.0	3.76		h óa | r a | l à | n ó | l ấy | a nh | e m | m ì nh | đ ể | d iễ n | th ử | k ị ch | b ả n | ph i m | m ới | à
/workspace/data/voice_recognition/keyword_detection/data_public_s2t_new/vin_keyword_set/vlsp2020_train_set_02/speaker_613-059770-1.wav	vì lẽ đó nhà thiết kế kiêm biểu tượng thời trang ăn vận rất đơn giản	0.0	3.9		v ì | l ẽ | đ ó | nh à | th iế t | k ế | k iê m | b iểu | t ượ ng | th ời | tr a ng | ă n | v ậ n | r ấ t | đ ơ n | gi ả n
/workspace/data/voice_recognition/keyword_detection/data_public_s2t_new/vin_keyword_set/vlsp2020_train_set_02/database_sa2_Jan4_Feb29_cleaned_utt_0000025197-1.wav	hay các đại hội thể thao luôn được đặt lên hàng đầu	0.0	2.13		h ay | c á c | đ ại | h ội | th ể | th ao | l uô n | đ ượ c | đ ặ t | l ê n | h à ng | đ ầu
/workspace/data/voice_recognition/keyword_detection/data_public_s2t_new/fpt_public_dataset/wav/FPTOpenSpeechData_Set002_V0.1_003482.wav	cái loại kem này có thể dùng được cho cả ngày và đêm không	0.0	4.128		c ái | l oại | k e m | n ày | c ó | th ể | d ù ng | đ ượ c | ch o | c ả | ng ày | v à | đ ê m | kh ô ng
/workspace/data/voice_recognition/keyword_detection/data_public_s2t_new/fpt_public_dataset/wav/FPTOpenSpeechData_Set001_V0.1_012500.wav	ba vũ nuôi rắn ri voi nổi tiếng từ đó	0.0	4.68		b a | v ũ | n uôi | r ắ n | r i | v oi | n ổi | t iế ng | t ừ | đ ó
/workspace/data/voice_recognition/keyword_detection/data_public_s2t_new/vin_keyword_set/vlsp2020_train_set_02/speaker_748-087264-1.wav	việc điều hành lãi suất tỷ giá và tăng trưởng tín dụng có gắn bó mật thiết với nhau	0.0	5.35		v iệ c | đ iều | h à nh | l ãi | s uấ t | t ỷ | gi á | v à | t ă ng | tr ưở ng | t í n | d ụ ng | c ó | g ắ n | b ó | m ậ t | th iế t | v ới | nh au
/workspace/data/voice_recognition/keyword_detection/data_public_s2t_new/vin_keyword_set/vlsp2020_train_set_02/database_sa1_Mar20_May04_cleaned_utt_0000027198-1.wav	dạ là một không tám chín	0.0	4.02		d ạ | l à | m ộ t | kh ô ng | t á m | ch í n
/workspace/data/voice_recognition/keyword_detection/data_public_s2t_new/fpt_public_dataset/wav/FPTOpenSpeechData_Set001_V0.1_003965.wav	tối cứ ngủ lơ mơ vì lo làm không có cá	0.0	4.416		t ối | c ứ | ng ủ | l ơ | m ơ | v ì | l o | l à m | kh ô ng | c ó | c á
/workspace/data/voice_recognition/keyword_detection/data_public_s2t_new/vin_keyword_set/vlsp2020_train_set_02/speaker_523-114491-1.wav	ba tôi thường xuyên đánh đập và chửi bới mẹ	0.0	4.34		b a | t ôi | th ườ ng | x uyê n | đ á nh | đ ậ p | v à | ch ửi | b ới | m ẹ
/workspace/data/voice_recognition/keyword_detection/data_public_s2t_new/vin_keyword_set/vlsp2020_train_set_02/database_sa4_2019-01-08_2020-03-16_cleaned_utt_0000023584-1.wav	với sóng biển dâng cao tình hình xâm thực và sạt lở khu vực bờ biển diễn ra ngày càng nghiêm trọng trong đó có nhiều điểm ăn sâu vào tuyến đường giao thông tỉnh lộ hai mươi mốt thuộc các xã ven biển của huyện phú lộc nối từ vinh hưng đi vinh hiền vì vậy về lâu dài tỉnh thừa thiên huế cần sớm lập dự án bố trí vốn và có phương án xử lý kịp thời nếu không tuyến đường này sẽ tiếp tục bị sóng biển uy hiếp và gây sạt lở	0.0	22.13		v ới | s ó ng | b iể n | d â ng | c ao | t ì nh | h ì nh | x â m | th ự c | v à | s ạ t | l ở | kh u | v ự c | b ờ | b iể n | d iễ n | r a | ng ày | c à ng | ngh iê m | tr ọ ng | tr o ng | đ ó | c ó | nh iều | đ iể m | ă n | s âu | v ào | t uyế n | đ ườ ng | gi ao | th ô ng | t ỉ nh | l ộ | h ai | m ươi | m ố t | th uộ c | c á c | x ã | v e n | b iể n | c ủa | h uyệ n | ph ú | l ộ c | n ối | t ừ | v i nh | h ư ng | đ i | v i nh | h iề n | v ì | v ậy | v ề | l âu | d ài | t ỉ nh | th ừa | th iê n | h uế | c ầ n | s ớ m | l ậ p | d ự | á n | b ố | tr í | v ố n | v à | c ó | ph ươ ng | á n | x ử | l ý | k ị p | th ời | n ếu | kh ô ng | t uyế n | đ ườ ng | n ày | s ẽ | t iế p | t ụ c | b ị | s ó ng | b iể n | uy | h iế p | v à | g ây | s ạ t | l ở
/workspace/data/voice_recognition/keyword_detection/data_public_s2t_new/vin_keyword_set/vlsp2020_train_set_02/database_sa4_Mar17_toApril11_cleaned_utt_0000010541-2.wav	khi bây giờ chúng ta có thể nhìn thấy hai người đang cùng có số điểm cao nhất và đồng dẫn đầu đoàn leo núi của chúng ta người tiếp sau đó chỉ kém có mười điểm và người tiếp theo kém ba	0.0	8.46		kh i | b ây | gi ờ | ch ú ng | t a | c ó | th ể | nh ì n | th ấy | h ai | ng ười | đ a ng | c ù ng | c ó | s ố | đ iể m | c ao | nh ấ t | v à | đ ồ ng | d ẫ n | đ ầu | đ òa n | l eo | n úi | c ủa | ch ú ng | t a | ng ười | t iế p | s au | đ ó | ch ỉ | k é m | c ó | m ười | đ iể m | v à | ng ười | t iế p | th eo | k é m | b a
/workspace/data/voice_recognition/keyword_detection/data_public_s2t_new/vin_keyword_set/vlsp2020_train_set_02/database_sa1_Mar20_May04_cleaned_utt_0000032390-1.wav	người yêu em á gia đình cũng	0.0	1.45		ng ười | yêu | e m | á | gi a | đ ì nh | c ũ ng
/workspace/data/voice_recognition/keyword_detection/data_public_s2t_new/common_voice/cv-corpus-8.0-2022-01-19/vi/clips/common_voice_vi_24172733.wav	để cho em cứ vấn vương	0.0	3.78		đ ể | ch o | e m | c ứ | v ấ n | v ươ ng
/workspace/data/voice_recognition/keyword_detection/data_public_s2t_new/vivos/train/waves/VIVOSSPK41/VIVOSSPK41_052.wav	nhiều đơn vị địa phương đã mạnh dạn đề xuất hình thức khoán xe công	0.0	3.811875		nh iều | đ ơ n | v ị | đ ịa | ph ươ ng | đ ã | m ạ nh | d ạ n | đ ề | x uấ t | h ì nh | th ứ c | kh óa n | x e | c ô ng
/workspace/data/voice_recognition/keyword_detection/data_public_s2t_new/vin_keyword_set/vlsp2020_train_set_02/database_sa4_Mar17_toApril11_cleaned_utt_0000015070-1.wav	những	0.0	0.88		nh ữ ng
/workspace/data/voice_recognition/keyword_detection/data_public_s2t_new/vin_keyword_set/vlsp2020_train_set_02/database_sa4_Mar17_toApril11_cleaned_utt_0000046262-1.wav	và cho chiếc đinh thẳng vào cốc nước có ga ngâm chiếc đinh cong trong nước cất ngâm chiếc đinh thẳng trong nước có ga sau năm phút ta nhấc hai chiếc đinh lên	0.0	8.47		v à | ch o | ch iế c | đ i nh | th ẳ ng | v ào | c ố c | n ướ c | c ó | g a | ng â m | ch iế c | đ i nh | c o ng | tr o ng | n ướ c | c ấ t | ng â m | ch iế c | đ i nh | th ẳ ng | tr o ng | n ướ c | c ó | g a | s au | n ă m | ph ú t | t a | nh ấ c | h ai | ch iế c | đ i nh | l ê n
/workspace/data/voice_recognition/keyword_detection/data_public_s2t_new/vivos/train/waves/VIVOSSPK38/VIVOSSPK38_218.wav	má ba chết đi kéo theo một số cái chết nghiệt ngã khác trong đại gia đình của tôi anh tôi ba tôi rồi bà nội của tôi	0.0	9.625		m á | b a | ch ế t | đ i | k éo | th eo | m ộ t | s ố | c ái | ch ế t | ngh iệ t | ng ã | kh á c | tr o ng | đ ại | gi a | đ ì nh | c ủa | t ôi | a nh | t ôi | b a | t ôi | r ồi | b à | n ội | c ủa | t ôi
/workspace/data/voice_recognition/keyword_detection/data_public_s2t_new/vivos/train/waves/VIVOSSPK01/VIVOSSPK01_T028.wav	đàn bà chỉ cần một thứ	0.0	2.75		đ à n | b à | ch ỉ | c ầ n | m ộ t | th ứ
/workspace/data/voice_recognition/keyword_detection/data_public_s2t_new/vin_keyword_set/vlsp2020_train_set_02/speaker_612-104570-1.wav	nhưng chỉ tủi thân thôi thì sẽ không thay đổi được gì cả	0.0	5.33		nh ư ng | ch ỉ | t ủi | th â n | th ôi | th ì | s ẽ | kh ô ng | th ay | đ ổi | đ ượ c | gì | c ả
/workspace/data/voice_recognition/keyword_detection/data_public_s2t_new/vin_keyword_set/vlsp2020_train_set_02/speaker_051-000539-1.wav	tướng tần vương cẩu sanh đem thành tất khâu hàng vương trấn ác thứ sử từ châu diêu chưởng ở hạng thành cũng đầu hàng đàn đạo tế	0.0	9.4995		t ướ ng | t ầ n | v ươ ng | c ẩu | s a nh | đ e m | th à nh | t ấ t | kh âu | h à ng | v ươ ng | tr ấ n | á c | th ứ | s ử | t ừ | ch âu | d iêu | ch ưở ng | ở | h ạ ng | th à nh | c ũ ng | đ ầu | h à ng | đ à n | đ ạo | t ế
/workspace/data/voice_recognition/keyword_detection/data_public_s2t_new/vin_keyword_set/vlsp2020_train_set_02/speaker_759-380192-1.wav	da vùng trán của thanh niên này bị rách để lộ một phần hộp sọ	0.0	4.16		d a | v ù ng | tr á n | c ủa | th a nh | n iê n | n ày | b ị | r á ch | đ ể | l ộ | m ộ t | ph ầ n | h ộ p | s ọ
/workspace/data/voice_recognition/keyword_detection/data_public_s2t_new/fpt_public_dataset/wav/FPTOpenSpeechData_Set001_V0.1_003176.wav	việc bổ sung một số vi chất qua chế độ ăn giúp khắc phục điều này	0.0	4.992		v iệ c | b ổ | s u ng | m ộ t | s ố | v i | ch ấ t | qu a | ch ế | đ ộ | ă n | gi ú p | kh ắ c | ph ụ c | đ iều | n ày
/workspace/data/voice_recognition/keyword_detection/data_public_s2t_new/vin_keyword_set/vlsp2020_train_set_02/database_sa4_Mar17_toApril11_cleaned_utt_0000099350-1.wav	mệt	0.0	1.24		m ệ t
/workspace/data/voice_recognition/keyword_detection/data_public_s2t_new/fpt_public_dataset/wav/FPTOpenSpeechData_Set001_V0.1_002125.wav	hôm nay trời rất nóng	0.0	1.344		h ô m | n ay | tr ời | r ấ t | n ó ng
/workspace/data/voice_recognition/keyword_detection/data_public_s2t_new/vin_keyword_set/vlsp2020_train_set_02/database_sa2_Feb29_Mar06_Mar17_toApril06_cleaned_utt_0000019729-1.wav	trong chương trình đặc biệt hôm nay vi ô ây tìm hiểu xem sáng kiến vành đai và con đường đang biến đổi đời sống định hình lại cảnh quan và thay đổi cục diện địa chính trị ra sao mời quý vị theo dõi	0.0	10.11		tr o ng | ch ươ ng | tr ì nh | đ ặ c | b iệ t | h ô m | n ay | v i | ô | ây | t ì m | h iểu | x e m | s á ng | k iế n | v à nh | đ ai | v à | c o n | đ ườ ng | đ a ng | b iế n | đ ổi | đ ời | s ố ng | đ ị nh | h ì nh | l ại | c ả nh | qu a n | v à | th ay | đ ổi | c ụ c | d iệ n | đ ịa | ch í nh | tr ị | r a | s ao | m ời | qu ý | v ị | th eo | d õi
/workspace/data/voice_recognition/keyword_detection/data_public_s2t_new/fpt_public_dataset/wav/FPTOpenSpeechData_Set001_V0.1_004676.wav	một bức biếm họa mô tả nhà tiên tri là con lừa vừa uống bia vừa đi tiểu tiện	0.0	6.096		m ộ t | b ứ c | b iế m | h ọa | m ô | t ả | nh à | t iê n | tr i | l à | c o n | l ừa | v ừa | uố ng | b ia | v ừa | đ i | t iểu | t iệ n
/workspace/data/voice_recognition/keyword_detection/data_public_s2t_new/vin_keyword_set/vlsp2020_train_set_02/speaker_647-044434-1.wav	do đơn vị còn khó khăn nên đang áp dụng biện pháp tiết kiệm chi tiêu ông hoạch nói	0.0	7.77		d o | đ ơ n | v ị | c ò n | kh ó | kh ă n | n ê n | đ a ng | á p | d ụ ng | b iệ n | ph á p | t iế t | k iệ m | ch i | t iêu | ô ng | h ọa ch | n ói
/workspace/data/voice_recognition/keyword_detection/data_public_s2t_new/vin_keyword_set/vlsp2020_train_set_02/database_sa2_Jan4_Feb29_cleaned_utt_0000002079-1.wav	phiên họp ba sáu của ủy ban thường vụ quốc hội đã bắt đầu diễn ra sáng nay và kéo dài đến ngày mười sáu tháng tám đáng chú ý vào ngày mười lăm tháng tám sẽ diễn ra phiên chất vấn và trả lời chất vấn được phát thanh truyền hình trực tiếp để cử tri cả nước theo dõi	0.0	12.39		ph iê n | h ọ p | b a | s áu | c ủa | ủy | b a n | th ườ ng | v ụ | qu ố c | h ội | đ ã | b ắ t | đ ầu | d iễ n | r a | s á ng | n ay | v à | k éo | d ài | đ ế n | ng ày | m ười | s áu | th á ng | t á m | đ á ng | ch ú | ý | v ào | ng ày | m ười | l ă m | th á ng | t á m | s ẽ | d iễ n | r a | ph iê n | ch ấ t | v ấ n | v à | tr ả | l ời | ch ấ t | v ấ n | đ ượ c | ph á t | th a nh | tr uyề n | h ì nh | tr ự c | t iế p | đ ể | c ử | tr i | c ả | n ướ c | th eo | d õi
/workspace/data/voice_recognition/keyword_detection/data_public_s2t_new/fpt_public_dataset/wav/FPTOpenSpeechData_Set001_V0.1_012275.wav	tôi có chút rượu 	0.0	1.416		t ôi | c ó | ch ú t | r ượu
/workspace/data/voice_recognition/keyword_detection/data_public_s2t_new/vin_keyword_set/vlsp2020_train_set_02/speaker_343-063153-1.wav	nhìn bán diện rìa mái cuộn lên ở hai đầu như hình ảnh một chiếc thuyền rồng ngoại mục	0.0	6.23		nh ì n | b á n | d iệ n | r ìa | m ái | c uộ n | l ê n | ở | h ai | đ ầu | nh ư | h ì nh | ả nh | m ộ t | ch iế c | th uyề n | r ồ ng | ng oại | m ụ c
/workspace/data/voice_recognition/keyword_detection/data_public_s2t_new/fpt_public_dataset/wav/FPTOpenSpeechData_Set002_V0.1_000763.wav	nhưng phong tục này chưa hẳn đã thích hợp khi đến châu âu 	0.0	7.176		nh ư ng | ph o ng | t ụ c | n ày | ch ưa | h ẳ n | đ ã | th í ch | h ợ p | kh i | đ ế n | ch âu | âu
/workspace/data/voice_recognition/keyword_detection/data_public_s2t_new/fpt_public_dataset/wav/FPTOpenSpeechData_Set001_V0.1_000338.wav	tôi sẽ ở nhà một người bạn tại new york 	0.0	2.904		t ôi | s ẽ | ở | nh à | m ộ t | ng ười | b ạ n | t ại | n e w | y o r k
/workspace/data/voice_recognition/keyword_detection/data_public_s2t_new/vin_keyword_set/vlsp2020_train_set_02/database_sa2_Jan4_Feb29_cleaned_utt_0000040784-1.wav	theo đó cơ quan bảo hiểm xã hội sẽ cập nhật tình hình nhân sự và mức tăng giảm đóng bảo hiểm xã hội cho người lao động	0.0	5.7		th eo | đ ó | c ơ | qu a n | b ảo | h iể m | x ã | h ội | s ẽ | c ậ p | nh ậ t | t ì nh | h ì nh | nh â n | s ự | v à | m ứ c | t ă ng | gi ả m | đ ó ng | b ảo | h iể m | x ã | h ội | ch o | ng ười | l ao | đ ộ ng
/workspace/data/voice_recognition/keyword_detection/data_public_s2t_new/vin_keyword_set/vlsp2020_train_set_02/database_sa2_Jan4_Feb29_cleaned_utt_0000013007-1.wav	việc nghiên cứu tiếp cận và phổ biến những công nghệ giáo dục mới phương thức giáo dục mới cho toàn hệ thống	0.0	5.71		v iệ c | ngh iê n | c ứu | t iế p | c ậ n | v à | ph ổ | b iế n | nh ữ ng | c ô ng | ngh ệ | gi áo | d ụ c | m ới | ph ươ ng | th ứ c | gi áo | d ụ c | m ới | ch o | t òa n | h ệ | th ố ng
/workspace/data/voice_recognition/keyword_detection/data_public_s2t_new/fpt_public_dataset/wav/FPTOpenSpeechData_Set002_V0.1_004000.wav	nhưng trên thực tế việc cắt giảm không được bao nhiêu 	0.0	5.712		nh ư ng | tr ê n | th ự c | t ế | v iệ c | c ắ t | gi ả m | kh ô ng | đ ượ c | b ao | nh iêu
/workspace/data/voice_recognition/keyword_detection/data_public_s2t_new/fpt_public_dataset/wav/FPTOpenSpeechData_Set001_V0.1_005137.wav	nó sẽ giúp tài xế khắc phục việc tình huống và đạp nhầm khi xử lý tình huống	0.0	5.472		n ó | s ẽ | gi ú p | t ài | x ế | kh ắ c | ph ụ c | v iệ c | t ì nh | h uố ng | v à | đ ạ p | nh ầ m | kh i | x ử | l ý | t ì nh | h uố ng
