path	text	graphemes
/home/alan/datasets/vivos/train/waves/VIVOSSPK01/VIVOSSPK01_R001.wav	KHÁCH SẠN	kh á ch | s ạ n
/home/alan/datasets/vivos/train/waves/VIVOSSPK01/VIVOSSPK01_R002.wav	CHỈ BẰNG CÁCH LUÔN NỖ LỰC THÌ CUỐI CÙNG BẠN MỚI ĐƯỢC ĐỀN ĐÁP	ch ỉ | b ằ ng | c á ch | l uô n | n ỗ | l ự c | th ì | c uối | c ù ng | b ạ n | m ới | đ ượ c | đ ề n | đ á p
/home/alan/datasets/vivos/train/waves/VIVOSSPK01/VIVOSSPK01_R003.wav	TRONG SỐ CÁC QUỐC GIA CÔNG NGHIỆP PHÁT TRIỂN	tr o ng | s ố | c á c | qu ố c | gi a | c ô ng | ngh iệ p | ph á t | tr iể n
/home/alan/datasets/vivos/train/waves/VIVOSSPK01/VIVOSSPK01_R004.wav	ANH ĐÃ NHÌN THẤY TRONG NHỮNG LẢI NHẢI DÔNG DÀI CỦA NHU	a nh | đ ã | nh ì n | th ấy | tr o ng | nh ữ ng | l ải | nh ải | d ô ng | d ài | c ủa | nh u
/home/alan/datasets/vivos/train/waves/VIVOSSPK01/VIVOSSPK01_R005.wav	KHỦNG HOẢNG MÔI TRƯỜNG CẦN ĐƯỢC NGĂN CHẶN	kh ủ ng | h ỏa ng | m ôi | tr ườ ng | c ầ n | đ ượ c | ng ă n | ch ặ n
/home/alan/datasets/vivos/train/waves/VIVOSSPK01/VIVOSSPK01_R006.wav	TRÔNG THẤY TÀU CÁ ĐẰNG XA ANH ĐÃ ẤN CÒI CẢNH BÁO	tr ô ng | th ấy | t àu | c á | đ ằ ng | x a | a nh | đ ã | ấ n | c òi | c ả nh | b áo
/home/alan/datasets/vivos/train/waves/VIVOSSPK01/VIVOSSPK01_R007.wav	MẤY SÀO RUỘNG CỦA GIA ĐÌNH ÔNG ĐÀNH BỎ HOANG CHO CỎ MỌC	m ấy | s ào | r uộ ng | c ủa | gi a | đ ì nh | ô ng | đ à nh | b ỏ | h oa ng | ch o | c ỏ | m ọ c
/home/alan/datasets/vivos/train/waves/VIVOSSPK01/VIVOSSPK01_R008.wav	CÓ ĐÊM GẶP PHẢI HEO NỌC NÓ RƯỢT	c ó | đ ê m | g ặ p | ph ải | h eo | n ọ c | n ó | r ượ t
/home/alan/datasets/vivos/train/waves/VIVOSSPK01/VIVOSSPK01_R009.wav	CÁC BÀN HỌC NHỎ HẰNG NGÀY NAY TRỞ THÀNH BÀN THỜ CỦA CÁC CHÁU	c á c | b à n | h ọ c | nh ỏ | h ằ ng | ng ày | n ay | tr ở | th à nh | b à n | th ờ | c ủa | c á c | ch áu
/home/alan/datasets/vivos/train/waves/VIVOSSPK01/VIVOSSPK01_R010.wav	CHA MẸ TÔI THƯỜNG CHÌ CHIẾT NHAU BẰNG NHỮNG LỜI LẼ KHÓ NGHE	ch a | m ẹ | t ôi | th ườ ng | ch ì | ch iế t | nh au | b ằ ng | nh ữ ng | l ời | l ẽ | kh ó | ngh e
/home/alan/datasets/vivos/train/waves/VIVOSSPK01/VIVOSSPK01_R011.wav	HẤP DẪN NHẤT LÀ CUỘC THI BƠI THUYỀN TRUYỀN THỐNG	h ấ p | d ẫ n | nh ấ t | l à | c uộ c | th i | b ơi | th uyề n | tr uyề n | th ố ng
/home/alan/datasets/vivos/train/waves/VIVOSSPK01/VIVOSSPK01_R012.wav	VỚI NHỮNG CỜ LÍP NHẠC TRUYỀN HÌNH	v ới | nh ữ ng | c ờ | l í p | nh ạ c | tr uyề n | h ì nh
/home/alan/datasets/vivos/train/waves/VIVOSSPK01/VIVOSSPK01_R013.wav	MỘT TRONG NHỮNG CÁCH TỐT NHẤT	m ộ t | tr o ng | nh ữ ng | c á ch | t ố t | nh ấ t
/home/alan/datasets/vivos/train/waves/VIVOSSPK01/VIVOSSPK01_R014.wav	ĂN CẮP PHỖNG TƯỢNG	ă n | c ắ p | ph ỗ ng | t ượ ng
/home/alan/datasets/vivos/train/waves/VIVOSSPK01/VIVOSSPK01_R015.wav	TỚI VỖ VAI HỎI VỀ CHIẾC ÁO MỚI MUA	t ới | v ỗ | v ai | h ỏi | v ề | ch iế c | áo | m ới | m ua
/home/alan/datasets/vivos/train/waves/VIVOSSPK01/VIVOSSPK01_R016.wav	BÀO CHẾ NHỮNG LOẠI THUỐC CHỮA NGHIỆN MA TÚY	b ào | ch ế | nh ữ ng | l oại | th uố c | ch ữa | ngh iệ n | m a | t úy
/home/alan/datasets/vivos/train/waves/VIVOSSPK01/VIVOSSPK01_R017.wav	NHỮNG MÁI NGÓI ÂM DƯƠNG CỔ KÍNH	nh ữ ng | m ái | ng ói | â m | d ươ ng | c ổ | k í nh
/home/alan/datasets/vivos/train/waves/VIVOSSPK01/VIVOSSPK01_R018.wav	MẶT MŨI NÓ CÒN CÀU CẠU	m ặ t | m ũi | n ó | c ò n | c àu | c ạu
/home/alan/datasets/vivos/train/waves/VIVOSSPK01/VIVOSSPK01_R019.wav	NẮNG ĐÀO LÀM ỬNG HỒNG NHỮNG ĐÔI MÁ THIẾU NỮ HÀ THÀNH	n ắ ng | đ ào | l à m | ử ng | h ồ ng | nh ữ ng | đ ôi | m á | th iếu | n ữ | h à | th à nh
/home/alan/datasets/vivos/train/waves/VIVOSSPK01/VIVOSSPK01_R020.wav	CHIẾC Ổ THƯỜNG XUYÊN ĐƯỢC KHÓA CHẶT VÀO BÀN	ch iế c | ổ | th ườ ng | x uyê n | đ ượ c | kh óa | ch ặ t | v ào | b à n
/home/alan/datasets/vivos/train/waves/VIVOSSPK01/VIVOSSPK01_R021.wav	LÀM TÓC KIỂU NÀY TRÔNG BẠN QUÝ PHÁI MỘT CÁCH TỰ NHIÊN	l à m | t ó c | k iểu | n ày | tr ô ng | b ạ n | qu ý | ph ái | m ộ t | c á ch | t ự | nh iê n
/home/alan/datasets/vivos/train/waves/VIVOSSPK01/VIVOSSPK01_R022.wav	ĐỒNG NGHIỆP TÂY BẢO NHẠC CỦA TÔI CHỈ THOÁNG NGHE	đ ồ ng | ngh iệ p | t ây | b ảo | nh ạ c | c ủa | t ôi | ch ỉ | th óa ng | ngh e
/home/alan/datasets/vivos/train/waves/VIVOSSPK01/VIVOSSPK01_R023.wav	ĐÂU LÀ TÌNH YÊU ĐÍCH THỰC	đ âu | l à | t ì nh | yêu | đ í ch | th ự c
/home/alan/datasets/vivos/train/waves/VIVOSSPK01/VIVOSSPK01_R024.wav	CŨNG SẼ GẶP KHÓ KHĂN VÌ KHÔNG CÓ HÌNH ẢNH ĐỂ ĐỐI CHIẾU	c ũ ng | s ẽ | g ặ p | kh ó | kh ă n | v ì | kh ô ng | c ó | h ì nh | ả nh | đ ể | đ ối | ch iếu
/home/alan/datasets/vivos/train/waves/VIVOSSPK01/VIVOSSPK01_R025.wav	TAY CẦM MỘT CỌC TIỀN ĐẾM XOÈN XOẸT ĐƯA CHO CHA MẸ CÔ DÂU	t ay | c ầ m | m ộ t | c ọ c | t iề n | đ ế m | x òe n | x ọe t | đ ưa | ch o | ch a | m ẹ | c ô | d âu
/home/alan/datasets/vivos/train/waves/VIVOSSPK01/VIVOSSPK01_R026.wav	TRONG NIỀM PHẤN KHỞI CỦA BÀ CON NGƯ DÂN	tr o ng | n iề m | ph ấ n | kh ởi | c ủa | b à | c o n | ng ư | d â n
/home/alan/datasets/vivos/train/waves/VIVOSSPK01/VIVOSSPK01_R027.wav	BẮT ĐẦU LỌC CỌC TIẾNG DÙI ĐỤC CỦA THỢ MỘC	b ắ t | đ ầu | l ọ c | c ọ c | t iế ng | d ùi | đ ụ c | c ủa | th ợ | m ộ c
/home/alan/datasets/vivos/train/waves/VIVOSSPK01/VIVOSSPK01_R028.wav	VIỆC THIẾT LẬP TỐC ĐỘ NHÁY CHUỘT	v iệ c | th iế t | l ậ p | t ố c | đ ộ | nh áy | ch uộ t
/home/alan/datasets/vivos/train/waves/VIVOSSPK01/VIVOSSPK01_R029.wav	KẾT LUẬN TRÊN ĐÃ CHO THẤY	k ế t | l uậ n | tr ê n | đ ã | ch o | th ấy
/home/alan/datasets/vivos/train/waves/VIVOSSPK01/VIVOSSPK01_R030.wav	LẶN NGỤP VEN HỒ TÂY ĐỂ KIẾM SỐNG	l ặ n | ng ụ p | v e n | h ồ | t ây | đ ể | k iế m | s ố ng
/home/alan/datasets/vivos/train/waves/VIVOSSPK01/VIVOSSPK01_R031.wav	CHÚNG TÔI CỨ LEN LÉN NHÌN VÀ CHẲNG THẤY NGƯỢNG NGẬP	ch ú ng | t ôi | c ứ | l e n | l é n | nh ì n | v à | ch ẳ ng | th ấy | ng ượ ng | ng ậ p
/home/alan/datasets/vivos/train/waves/VIVOSSPK01/VIVOSSPK01_R032.wav	CỦA NGƯỜI MẸ ĐANG PHẢI CẦM HƠI BẰNG LÁ CÂY	c ủa | ng ười | m ẹ | đ a ng | ph ải | c ầ m | h ơi | b ằ ng | l á | c ây
/home/alan/datasets/vivos/train/waves/VIVOSSPK01/VIVOSSPK01_R033.wav	HUN ĐÚC NÊN TINH THẦN THI ĐẤU QUẢ CẢM VỚI ĐỒNG THÁP	h u n | đ ú c | n ê n | t i nh | th ầ n | th i | đ ấu | qu ả | c ả m | v ới | đ ồ ng | th á p
/home/alan/datasets/vivos/train/waves/VIVOSSPK01/VIVOSSPK01_R034.wav	KHÔNG DÈ LẦN LÊN COI THỬ	kh ô ng | d è | l ầ n | l ê n | c oi | th ử
/home/alan/datasets/vivos/train/waves/VIVOSSPK01/VIVOSSPK01_R035.wav	NÊN VIỆC PHÁ RỪNG ĐỐT THAN NGÀY CÀNG TRỞ NÊN BỨC XÚC	n ê n | v iệ c | ph á | r ừ ng | đ ố t | th a n | ng ày | c à ng | tr ở | n ê n | b ứ c | x ú c
/home/alan/datasets/vivos/train/waves/VIVOSSPK01/VIVOSSPK01_R036.wav	Ở ĐỜI PHÀM CÁI GÌ ĐÚNG THỜI CƠ MỚI ĐẠT HIỆU QUẢ	ở | đ ời | ph à m | c ái | gì | đ ú ng | th ời | c ơ | m ới | đ ạ t | h iệu | qu ả
/home/alan/datasets/vivos/train/waves/VIVOSSPK01/VIVOSSPK01_R037.wav	CÒN CÓ TÁC DỤNG	c ò n | c ó | t á c | d ụ ng
/home/alan/datasets/vivos/train/waves/VIVOSSPK01/VIVOSSPK01_R038.wav	DẤU HIỆU DUY NHẤT ĐỂ NHẬN RA KHO LÚA VĨNH THÀNH	d ấu | h iệu | d uy | nh ấ t | đ ể | nh ậ n | r a | kh o | l úa | v ĩ nh | th à nh
/home/alan/datasets/vivos/train/waves/VIVOSSPK01/VIVOSSPK01_R039.wav	NHƯNG RỒI CŨNG KHỔ SỞ ĐẾN DƯỜNG NÀO	nh ư ng | r ồi | c ũ ng | kh ổ | s ở | đ ế n | d ườ ng | n ào
/home/alan/datasets/vivos/train/waves/VIVOSSPK01/VIVOSSPK01_R040.wav	GIÁ CẢ THUỘC DẠNG VÔ CÙNG LÊN BỔNG XUỐNG TRẦM TẸP NHẸP	gi á | c ả | th uộ c | d ạ ng | v ô | c ù ng | l ê n | b ổ ng | x uố ng | tr ầ m | t ẹ p | nh ẹ p
/home/alan/datasets/vivos/train/waves/VIVOSSPK01/VIVOSSPK01_R041.wav	NỮ THẦN TỰ DO VỚI BÀN TAY CẦM ĐUỐC	n ữ | th ầ n | t ự | d o | v ới | b à n | t ay | c ầ m | đ uố c
/home/alan/datasets/vivos/train/waves/VIVOSSPK01/VIVOSSPK01_R042.wav	NHỮNG CON SÂU TRÚNG THUỐC RƠI XUỐNG GIÃY GIỤA	nh ữ ng | c o n | s âu | tr ú ng | th uố c | r ơi | x uố ng | gi ãy | gi ụa
/home/alan/datasets/vivos/train/waves/VIVOSSPK01/VIVOSSPK01_R043.wav	VỪA ĐI VỪA CA NGHÊU NGAO	v ừa | đ i | v ừa | c a | ngh êu | ng ao
/home/alan/datasets/vivos/train/waves/VIVOSSPK01/VIVOSSPK01_R044.wav	DƯỚI ĐÁY BIỂN	d ưới | đ áy | b iể n
/home/alan/datasets/vivos/train/waves/VIVOSSPK01/VIVOSSPK01_R045.wav	NHỮNG SỢI BÚN ĐƯỢC CUỘN THÀNH DÂY CHÃO 	nh ữ ng | s ợi | b ú n | đ ượ c | c uộ n | th à nh | d ây | ch ão
/home/alan/datasets/vivos/train/waves/VIVOSSPK01/VIVOSSPK01_R046.wav	KHOANH TRÒN TRÊN TẤM LÁ CHUỐI	kh oa nh | tr ò n | tr ê n | t ấ m | l á | ch uối
/home/alan/datasets/vivos/train/waves/VIVOSSPK01/VIVOSSPK01_R047.wav	RƠI VÀO CẢNH ĐÌU HIU BỞI DU KHÁCH THƯA THỚT	r ơi | v ào | c ả nh | đ ìu | h iu | b ởi | d u | kh á ch | th ưa | th ớ t
/home/alan/datasets/vivos/train/waves/VIVOSSPK01/VIVOSSPK01_R048.wav	SAU ĐÓ NHỮNG NGƯỜI NÀY ĐƯỢC TRẮC NGHIỆM KHẢ NĂNG GHI NHỚ	s au | đ ó | nh ữ ng | ng ười | n ày | đ ượ c | tr ắ c | ngh iệ m | kh ả | n ă ng | gh i | nh ớ
/home/alan/datasets/vivos/train/waves/VIVOSSPK01/VIVOSSPK01_R049.wav	MUỐN SÀNH ĐIỆU NGUYÊN CON	m uố n | s à nh | đ iệu | ng uyê n | c o n
/home/alan/datasets/vivos/train/waves/VIVOSSPK01/VIVOSSPK01_R050.wav	VỚI NHỮNG TRÀNG PHÁO TAY VÀ TIẾNG TRẦM TRỒ TÁN THƯỞNG KHÔNG NGỚT	v ới | nh ữ ng | tr à ng | ph áo | t ay | v à | t iế ng | tr ầ m | tr ồ | t á n | th ưở ng | kh ô ng | ng ớ t
/home/alan/datasets/vivos/train/waves/VIVOSSPK01/VIVOSSPK01_R051.wav	HI VỌNG Ở LẦN SINH NHẬT SAU	h i | v ọ ng | ở | l ầ n | s i nh | nh ậ t | s au
/home/alan/datasets/vivos/train/waves/VIVOSSPK01/VIVOSSPK01_R052.wav	THEO LUẬT NHÂN QUẢ MÀ GẦN ĐÂY KHOA HỌC ĐÃ CHỨNG MINH ĐƯỢC	th eo | l uậ t | nh â n | qu ả | m à | g ầ n | đ ây | kh oa | h ọ c | đ ã | ch ứ ng | m i nh | đ ượ c
/home/alan/datasets/vivos/train/waves/VIVOSSPK01/VIVOSSPK01_R053.wav	ÔNG LƯỚT NHẸ NGÓN TAY GẦY GUỘC TRÊN NHỮNG CON CHỮ	ô ng | l ướ t | nh ẹ | ng ó n | t ay | g ầy | g uộ c | tr ê n | nh ữ ng | c o n | ch ữ
/home/alan/datasets/vivos/train/waves/VIVOSSPK01/VIVOSSPK01_R054.wav	PHẢI DỪNG MÁY TÀU VÀ LẶN XUỐNG BIỂN DÙNG DAO MÀ CẮT	ph ải | d ừ ng | m áy | t àu | v à | l ặ n | x uố ng | b iể n | d ù ng | d ao | m à | c ắ t
/home/alan/datasets/vivos/train/waves/VIVOSSPK01/VIVOSSPK01_R055.wav	VÀ MỘT NHÓM NGƯỜI ĐANG HÍ HÚI QUAY PHIM	v à | m ộ t | nh ó m | ng ười | đ a ng | h í | h úi | qu ay | ph i m
/home/alan/datasets/vivos/train/waves/VIVOSSPK01/VIVOSSPK01_R056.wav	HAI BÀN CHÂN TÍ XÍU KIA MỚI ĐƯA ĐƯỢC CÁC EM VỀ TỚI NHÀ	h ai | b à n | ch â n | t í | x íu | k ia | m ới | đ ưa | đ ượ c | c á c | e m | v ề | t ới | nh à
/home/alan/datasets/vivos/train/waves/VIVOSSPK01/VIVOSSPK01_R057.wav	CHẢY NHÃO DƯỚI NẮNG	ch ảy | nh ão | d ưới | n ắ ng
/home/alan/datasets/vivos/train/waves/VIVOSSPK01/VIVOSSPK01_R058.wav	TÔI XIN PHÉP RA NGOÀI VỊ GIÁM THỊ TRẺ XẴNG GIỌNG	t ôi | x i n | ph é p | r a | ng oài | v ị | gi á m | th ị | tr ẻ | x ẵ ng | gi ọ ng
/home/alan/datasets/vivos/train/waves/VIVOSSPK01/VIVOSSPK01_R059.wav	NHƯNG THỰC RA CÓ THỂ KHÔNG PHẢI LÀ NHƯ VẬY	nh ư ng | th ự c | r a | c ó | th ể | kh ô ng | ph ải | l à | nh ư | v ậy
/home/alan/datasets/vivos/train/waves/VIVOSSPK01/VIVOSSPK01_R060.wav	DÁC DÁO DÁC TÌM GIÚP VIỆC SAU TẾT	d á c | d áo | d á c | t ì m | gi ú p | v iệ c | s au | t ế t
/home/alan/datasets/vivos/train/waves/VIVOSSPK01/VIVOSSPK01_R061.wav	NÊN ĐẶT BÚT KÝ HỢP ĐỒNG CHO THUÊ VỚI GIÁ BÈO	n ê n | đ ặ t | b ú t | k ý | h ợ p | đ ồ ng | ch o | th uê | v ới | gi á | b èo
/home/alan/datasets/vivos/train/waves/VIVOSSPK01/VIVOSSPK01_R062.wav	TÔI KHÔNG SỢ CON ĐƯỜNG DẰNG DẶC TỪ THỊ THÀNH	t ôi | kh ô ng | s ợ | c o n | đ ườ ng | d ằ ng | d ặ c | t ừ | th ị | th à nh
/home/alan/datasets/vivos/train/waves/VIVOSSPK01/VIVOSSPK01_R063.wav	MỘT NGƯỜI GÁNH NƯỚC DƯỚI KHE SUỐI LÊN	m ộ t | ng ười | g á nh | n ướ c | d ưới | kh e | s uối | l ê n
/home/alan/datasets/vivos/train/waves/VIVOSSPK01/VIVOSSPK01_R064.wav	SÀNG SẢY THÓC NGAY NGÕ GẠCH	s à ng | s ảy | th ó c | ng ay | ng õ | g ạ ch
/home/alan/datasets/vivos/train/waves/VIVOSSPK01/VIVOSSPK01_R065.wav	NGAY CẢ NỀN SẢN XUẤT HIỆN ĐẠI NHƯ MỸ	ng ay | c ả | n ề n | s ả n | x uấ t | h iệ n | đ ại | nh ư | m ỹ
/home/alan/datasets/vivos/train/waves/VIVOSSPK01/VIVOSSPK01_R066.wav	VỀ HÀNH VI TRUYỀN BÁ VĂN HÓA PHẨM ĐỒI TRỤY KHÔNG NGUỒN GỐC	v ề | h à nh | v i | tr uyề n | b á | v ă n | h óa | ph ẩ m | đ ồi | tr ụy | kh ô ng | ng uồ n | g ố c
/home/alan/datasets/vivos/train/waves/VIVOSSPK01/VIVOSSPK01_R067.wav	CÓ THỂ ĐÂY LÀ CÁI CẠM BẪY PHÁ HOẠI CỦA BỌN PHẢN ĐỘNG	c ó | th ể | đ ây | l à | c ái | c ạ m | b ẫy | ph á | h oại | c ủa | b ọ n | ph ả n | đ ộ ng
/home/alan/datasets/vivos/train/waves/VIVOSSPK01/VIVOSSPK01_R068.wav	NẾU TẬP TRUNG TẠI TRUNG TÂM HUẤN LUYỆN THỂ THAO QUỐC GIA I NHỔN	n ếu | t ậ p | tr u ng | t ại | tr u ng | t â m | h uấ n | l uyệ n | th ể | th ao | qu ố c | gi a | i | nh ổ n
/home/alan/datasets/vivos/train/waves/VIVOSSPK01/VIVOSSPK01_R069.wav	CHIẾN KHU RỪNG SÁC LÀ MỘT VÙNG ĐẦM LẦY NƯỚC MẶN	ch iế n | kh u | r ừ ng | s á c | l à | m ộ t | v ù ng | đ ầ m | l ầy | n ướ c | m ặ n
/home/alan/datasets/vivos/train/waves/VIVOSSPK01/VIVOSSPK01_R070.wav	KHIẾN CHIẾC THUYỀN TRÒNG TRÀNH RỒI LẬT NHÀO	kh iế n | ch iế c | th uyề n | tr ò ng | tr à nh | r ồi | l ậ t | nh ào
/home/alan/datasets/vivos/train/waves/VIVOSSPK01/VIVOSSPK01_R071.wav	CÓ THỂ CHO ÍT NƯỚC MUỐI VÀO LÒNG BÀN TAY	c ó | th ể | ch o | í t | n ướ c | m uối | v ào | l ò ng | b à n | t ay
/home/alan/datasets/vivos/train/waves/VIVOSSPK01/VIVOSSPK01_R072.wav	TÔI TÌNH CỜ PHÁT HIỆN KHẢ NĂNG HÚT THÌA MUỖNG	t ôi | t ì nh | c ờ | ph á t | h iệ n | kh ả | n ă ng | h ú t | th ìa | m uỗ ng
/home/alan/datasets/vivos/train/waves/VIVOSSPK01/VIVOSSPK01_R073.wav	KHI CẢ HAI VỪA CHIẾN THẮNG NGOẠN MỤC	kh i | c ả | h ai | v ừa | ch iế n | th ắ ng | ng ọa n | m ụ c
/home/alan/datasets/vivos/train/waves/VIVOSSPK01/VIVOSSPK01_R074.wav	TÔI ĐÃ TRẢI QUA GIÂY PHÚT NHIỄM SÉT NHƯ THẾ	t ôi | đ ã | tr ải | qu a | gi ây | ph ú t | nh iễ m | s é t | nh ư | th ế
/home/alan/datasets/vivos/train/waves/VIVOSSPK01/VIVOSSPK01_R075.wav	ĐÃ ĐẠT GẦN ĐẾN CHUẨN QUỐC TẾ	đ ã | đ ạ t | g ầ n | đ ế n | ch uẩ n | qu ố c | t ế
/home/alan/datasets/vivos/train/waves/VIVOSSPK01/VIVOSSPK01_R076.wav	KHI LÀM MỚI CHỦ YẾU LÀ TRÁNG NHỰA CHỨ KHÔNG MỞ RỘNG	kh i | l à m | m ới | ch ủ | yếu | l à | tr á ng | nh ựa | ch ứ | kh ô ng | m ở | r ộ ng
/home/alan/datasets/vivos/train/waves/VIVOSSPK01/VIVOSSPK01_R077.wav	TÌM CÁCH LẬT MẶT KẺ CẬY QUYỀN GIỮA CHỐN CÔNG ĐƯỜNG	t ì m | c á ch | l ậ t | m ặ t | k ẻ | c ậy | qu yề n | gi ữa | ch ố n | c ô ng | đ ườ ng
/home/alan/datasets/vivos/train/waves/VIVOSSPK01/VIVOSSPK01_R078.wav	DỰNG CỨ DỰNG	d ự ng | c ứ | d ự ng
/home/alan/datasets/vivos/train/waves/VIVOSSPK01/VIVOSSPK01_R079.wav	UY TÍN CỦA MỘT PHÓNG VIÊN	uy | t í n | c ủa | m ộ t | ph ó ng | v iê n
/home/alan/datasets/vivos/train/waves/VIVOSSPK01/VIVOSSPK01_R080.wav	MỘT LÒ GẠCH CHÔNG CHÊNH TRÊN SƯỜN ĐỒI 	m ộ t | l ò | g ạ ch | ch ô ng | ch ê nh | tr ê n | s ườ n | đ ồi
/home/alan/datasets/vivos/train/waves/VIVOSSPK01/VIVOSSPK01_R081.wav	GIỮA QUẠNH HIU LÁ CỎ	gi ữa | qu ạ nh | h iu | l á | c ỏ
/home/alan/datasets/vivos/train/waves/VIVOSSPK01/VIVOSSPK01_R082.wav	BEN THẤY HỮU THẬT BUỒN CƯỜI	b e n | th ấy | h ữu | th ậ t | b uồ n | c ười
/home/alan/datasets/vivos/train/waves/VIVOSSPK01/VIVOSSPK01_R083.wav	CHÚNG TA LÀM CHO MỌI THỨ RỐI TUNG LÊN 	ch ú ng | t a | l à m | ch o | m ọi | th ứ | r ối | t u ng | l ê n
/home/alan/datasets/vivos/train/waves/VIVOSSPK01/VIVOSSPK01_R084.wav	HẾT LẦN NÀY ĐẾN LẦN KHÁC	h ế t | l ầ n | n ày | đ ế n | l ầ n | kh á c
/home/alan/datasets/vivos/train/waves/VIVOSSPK01/VIVOSSPK01_R085.wav	LÊ THỊ HỒNG NGỌC CHỦ QUÁN CƠM NIÊU TRÊN ĐƯỜNG TÚ XƯƠNG	l ê | th ị | h ồ ng | ng ọ c | ch ủ | qu á n | c ơ m | n iêu | tr ê n | đ ườ ng | t ú | x ươ ng
/home/alan/datasets/vivos/train/waves/VIVOSSPK01/VIVOSSPK01_R086.wav	VỤ VIỆC CHỈ KẾT THÚC SAU CUỘC ĐỘT KÍCH	v ụ | v iệ c | ch ỉ | k ế t | th ú c | s au | c uộ c | đ ộ t | k í ch
/home/alan/datasets/vivos/train/waves/VIVOSSPK01/VIVOSSPK01_R087.wav	BẰNG MỌT CÚ SÚT XA ĐẸP MẮT	b ằ ng | m ọ t | c ú | s ú t | x a | đ ẹ p | m ắ t
/home/alan/datasets/vivos/train/waves/VIVOSSPK01/VIVOSSPK01_R088.wav	NÓI CÂU GÌ CŨNG PHẢI CÓ ĐẦU CÓ ĐUÔI 	n ói | c âu | gì | c ũ ng | ph ải | c ó | đ ầu | c ó | đ uôi
/home/alan/datasets/vivos/train/waves/VIVOSSPK01/VIVOSSPK01_R089.wav	CHỚ KHÔNG ĐƯỢC NÓI NHĂNG NHÍT	ch ớ | kh ô ng | đ ượ c | n ói | nh ă ng | nh í t
/home/alan/datasets/vivos/train/waves/VIVOSSPK01/VIVOSSPK01_R090.wav	KHÔNG ĐƯỢC LẤY QUE CỜI GÕ GÕ LÊN TẤM LƯNG CÒNG CỦA CÁC NGÀI	kh ô ng | đ ượ c | l ấy | qu e | c ời | g õ | g õ | l ê n | t ấ m | l ư ng | c ò ng | c ủa | c á c | ng ài
/home/alan/datasets/vivos/train/waves/VIVOSSPK01/VIVOSSPK01_R091.wav	LUÔN SĂN ĐẦU KHÁCH VỚI NHỮNG LỜI NŨNG NỊU ĐẾN MỀM LÒNG	l uô n | s ă n | đ ầu | kh á ch | v ới | nh ữ ng | l ời | n ũ ng | n ịu | đ ế n | m ề m | l ò ng
/home/alan/datasets/vivos/train/waves/VIVOSSPK01/VIVOSSPK01_R092.wav	LÀM THỔI TUNG CẢ MỘT ĐỘI QUÂN CỦA KẺ THÙ	l à m | th ổi | t u ng | c ả | m ộ t | đ ội | qu â n | c ủa | k ẻ | th ù
/home/alan/datasets/vivos/train/waves/VIVOSSPK01/VIVOSSPK01_R093.wav	CẢM THẤY XÚC ĐỘNG TRƯỚC MỘT ĐIỀU GÌ ĐÓ	c ả m | th ấy | x ú c | đ ộ ng | tr ướ c | m ộ t | đ iều | gì | đ ó
/home/alan/datasets/vivos/train/waves/VIVOSSPK01/VIVOSSPK01_R094.wav	LÀM DÃY NHÀ CHO THUÊ CỦA MỘT HỘ DÂN PHẢI BỎ TRỐNG	l à m | d ãy | nh à | ch o | th uê | c ủa | m ộ t | h ộ | d â n | ph ải | b ỏ | tr ố ng
/home/alan/datasets/vivos/train/waves/VIVOSSPK01/VIVOSSPK01_R095.wav	TIÊU HỦY TẤT CẢ CÁC BẦY ĐÀN	t iêu | h ủy | t ấ t | c ả | c á c | b ầy | đ à n
/home/alan/datasets/vivos/train/waves/VIVOSSPK01/VIVOSSPK01_R096.wav	MÀ NHÀ CỬA VÀ CÔNG VIỆC CHẲNG ĐÂU VÀO ĐÂU	m à | nh à | c ửa | v à | c ô ng | v iệ c | ch ẳ ng | đ âu | v ào | đ âu
/home/alan/datasets/vivos/train/waves/VIVOSSPK01/VIVOSSPK01_R097.wav	BÀ CON TRONG XÓM ĐẾN DỰ RÌNH RANG	b à | c o n | tr o ng | x ó m | đ ế n | d ự | r ì nh | r a ng
/home/alan/datasets/vivos/train/waves/VIVOSSPK01/VIVOSSPK01_R098.wav	CHỈ CHĂM CHẮM VÀO NHỮNG ĐỐI TƯỢNG CAO CẤP	ch ỉ | ch ă m | ch ắ m | v ào | nh ữ ng | đ ối | t ượ ng | c ao | c ấ p
/home/alan/datasets/vivos/train/waves/VIVOSSPK01/VIVOSSPK01_R099.wav	LÙNG SỤC MUA HEO BỆNH CHỞ ĐI GIẾT MỔ	l ù ng | s ụ c | m ua | h eo | b ệ nh | ch ở | đ i | gi ế t | m ổ
/home/alan/datasets/vivos/train/waves/VIVOSSPK01/VIVOSSPK01_R100.wav	CHÚNG XẨY NHÀ RA BỤI ĐỜI ĐI GIẬT DỌC ĐÂM CHÉM QUẬY PHÁ	ch ú ng | x ẩy | nh à | r a | b ụi | đ ời | đ i | gi ậ t | d ọ c | đ â m | ch é m | qu ậy | ph á
/home/alan/datasets/vivos/train/waves/VIVOSSPK01/VIVOSSPK01_R101.wav	TUẦN RỒI	t uầ n | r ồi
/home/alan/datasets/vivos/train/waves/VIVOSSPK01/VIVOSSPK01_R102.wav	HUỲNH PHƯƠNG ĐÔNG	h ùy nh | ph ươ ng | đ ô ng
/home/alan/datasets/vivos/train/waves/VIVOSSPK01/VIVOSSPK01_R103.wav	HIỆN CÔNG AN PHƯỜNG CỐC LẾU ĐANG HOÀN CHỈNH HỒ SƠ	h iệ n | c ô ng | a n | ph ườ ng | c ố c | l ếu | đ a ng | h òa n | ch ỉ nh | h ồ | s ơ
/home/alan/datasets/vivos/train/waves/VIVOSSPK01/VIVOSSPK01_R104.wav	MÀ LỢN CÓ KHI CHI PHÍ NUÔI KHÔNG ĐỦ HUỀ VỐN	m à | l ợ n | c ó | kh i | ch i | ph í | n uôi | kh ô ng | đ ủ | h uề | v ố n
/home/alan/datasets/vivos/train/waves/VIVOSSPK01/VIVOSSPK01_R105.wav	CÓ KHI ANH ẤY NÓI NĂNG LỖ MÃNG VÀ ĐÁNH EM NỮA	c ó | kh i | a nh | ấy | n ói | n ă ng | l ỗ | m ã ng | v à | đ á nh | e m | n ữa
/home/alan/datasets/vivos/train/waves/VIVOSSPK01/VIVOSSPK01_R106.wav	NHƯ THÍCH ĐI CHẦM CHẬM TRÊN NHỮNG CON ĐƯỜNG QUÊ	nh ư | th í ch | đ i | ch ầ m | ch ậ m | tr ê n | nh ữ ng | c o n | đ ườ ng | qu ê
/home/alan/datasets/vivos/train/waves/VIVOSSPK01/VIVOSSPK01_R107.wav	CHO VIỆC PHÁT TRIỂN SỰ NGHIỆP CỦA HỌ TẠI VIỆT NAM	ch o | v iệ c | ph á t | tr iể n | s ự | ngh iệ p | c ủa | h ọ | t ại | v iệ t | n a m
/home/alan/datasets/vivos/train/waves/VIVOSSPK01/VIVOSSPK01_R108.wav	THỬ ĐỊA KHÔNG DƯ HOÀNG HẠC LÂU	th ử | đ ịa | kh ô ng | d ư | h òa ng | h ạ c | l âu
/home/alan/datasets/vivos/train/waves/VIVOSSPK01/VIVOSSPK01_R109.wav	MỆ NÓI MUỐN NẤU ĂN NGON PHẢI GỬI GẮM TÂM TRẠNG MÌNH VÀO TRONG ĐÓ	m ệ | n ói | m uố n | n ấu | ă n | ng o n | ph ải | g ửi | g ắ m | t â m | tr ạ ng | m ì nh | v ào | tr o ng | đ ó
/home/alan/datasets/vivos/train/waves/VIVOSSPK01/VIVOSSPK01_R110.wav	HIẾM KHI LẶP LẠI NHỮNG CÂU ĐÃ NÓI	h iế m | kh i | l ặ p | l ại | nh ữ ng | c âu | đ ã | n ói
/home/alan/datasets/vivos/train/waves/VIVOSSPK01/VIVOSSPK01_R111.wav	TÔI SẼ KHÔNG CỐ GẮNG ĐỂ BÁN CHÚNG HAY TRƯNG BÀY CHÚNG NỮA	t ôi | s ẽ | kh ô ng | c ố | g ắ ng | đ ể | b á n | ch ú ng | h ay | tr ư ng | b ày | ch ú ng | n ữa
/home/alan/datasets/vivos/train/waves/VIVOSSPK01/VIVOSSPK01_R112.wav	LỜI KHUYÊN HỮU ÍCH DÀNH CHO BẠN	l ời | kh uyê n | h ữu | í ch | d à nh | ch o | b ạ n
/home/alan/datasets/vivos/train/waves/VIVOSSPK01/VIVOSSPK01_R113.wav	MÀ NHỮNG MÁI HIÊN NÀY CÒN CÓ ĐƯỢC SỰ RIÊNG TƯ CẦN THIẾT	m à | nh ữ ng | m ái | h iê n | n ày | c ò n | c ó | đ ượ c | s ự | r iê ng | t ư | c ầ n | th iế t
/home/alan/datasets/vivos/train/waves/VIVOSSPK01/VIVOSSPK01_R114.wav	MINH ĐẾN PHÒNG TẬP THỂ HÌNH CỦA TRƯỜNG ĐỂ NÂNG TẠ	m i nh | đ ế n | ph ò ng | t ậ p | th ể | h ì nh | c ủa | tr ườ ng | đ ể | n â ng | t ạ
/home/alan/datasets/vivos/train/waves/VIVOSSPK01/VIVOSSPK01_R115.wav	TẾT NĂM NGOÁI CẢ NHÀ CHÍN MIỆNG ĂN	t ế t | n ă m | ng oái | c ả | nh à | ch í n | m iệ ng | ă n
/home/alan/datasets/vivos/train/waves/VIVOSSPK01/VIVOSSPK01_R116.wav	VẠT ÁO SỄ XUỐNG	v ạ t | áo | s ễ | x uố ng
/home/alan/datasets/vivos/train/waves/VIVOSSPK01/VIVOSSPK01_R117.wav	CHỨ KHÔNG PHẢI LÀ TỪ CÁC YÊU CẦU RIÊNG LẺ	ch ứ | kh ô ng | ph ải | l à | t ừ | c á c | yêu | c ầu | r iê ng | l ẻ
/home/alan/datasets/vivos/train/waves/VIVOSSPK01/VIVOSSPK01_R118.wav	CÔNG NGHỆ NÀY SỬ DỤNG NGUYÊN LIỆU ĐẬU NÀNH	c ô ng | ngh ệ | n ày | s ử | d ụ ng | ng uyê n | l iệu | đ ậu | n à nh
/home/alan/datasets/vivos/train/waves/VIVOSSPK01/VIVOSSPK01_R119.wav	KHI TÊN LỬA BAY LÊN	kh i | t ê n | l ửa | b ay | l ê n
/home/alan/datasets/vivos/train/waves/VIVOSSPK01/VIVOSSPK01_R120.wav	HẬU QUẢ CỦA NHỮNG TRẬN SÊN HÚT MÁU	h ậu | qu ả | c ủa | nh ữ ng | tr ậ n | s ê n | h ú t | m áu
/home/alan/datasets/vivos/train/waves/VIVOSSPK01/VIVOSSPK01_R121.wav	NẰM ẨN MÌNH TRONG VƯỜN CÂY PHÍA SAU DÃY PHỐ ỒN ÀO	n ằ m | ẩ n | m ì nh | tr o ng | v ườ n | c ây | ph ía | s au | d ãy | ph ố | ồ n | ào
/home/alan/datasets/vivos/train/waves/VIVOSSPK01/VIVOSSPK01_R122.wav	PHẦN NÀO MANG TÍNH ĐIỀU HÒA THỊ TRƯỜNG	ph ầ n | n ào | m a ng | t í nh | đ iều | h òa | th ị | tr ườ ng
/home/alan/datasets/vivos/train/waves/VIVOSSPK01/VIVOSSPK01_R123.wav	TỤI CON CÒN DỄ NHỚ HƠN PHIÊN ÂM RA LOẰNG NGOẰNG QUÁ	t ụi | c o n | c ò n | d ễ | nh ớ | h ơ n | ph iê n | â m | r a | l oằ ng | ng oằ ng | qu á
/home/alan/datasets/vivos/train/waves/VIVOSSPK01/VIVOSSPK01_R124.wav	MANG TÍNH CƠ HỘI TRONG THỊ HIẾU PHÁP	m a ng | t í nh | c ơ | h ội | tr o ng | th ị | h iếu | ph á p
/home/alan/datasets/vivos/train/waves/VIVOSSPK01/VIVOSSPK01_R125.wav	NHỮNG TRÀNG VỖ TAY VANG DỘI NHƯ THỜI HÁT NHÓM	nh ữ ng | tr à ng | v ỗ | t ay | v a ng | d ội | nh ư | th ời | h á t | nh ó m
/home/alan/datasets/vivos/train/waves/VIVOSSPK01/VIVOSSPK01_R126.wav	CHỈ HOÀN THÀNH NHÕN BA CÂY SỐ KHÚC GIỮA	ch ỉ | h òa n | th à nh | nh õ n | b a | c ây | s ố | kh ú c | gi ữa
/home/alan/datasets/vivos/train/waves/VIVOSSPK01/VIVOSSPK01_R127.wav	BAN TÀI CHÍNH QUẢN TRỊ TRUNG ƯƠNG THUỘC VĂN PHÒNG TRUNG ƯƠNG ĐẢNG	b a n | t ài | ch í nh | qu ả n | tr ị | tr u ng | ươ ng | th uộ c | v ă n | ph ò ng | tr u ng | ươ ng | đ ả ng
/home/alan/datasets/vivos/train/waves/VIVOSSPK01/VIVOSSPK01_R128.wav	VÌ CHỈ CÓ MẸ LÀ NGƯỜI DANG RỘNG VÒNG TAY	v ì | ch ỉ | c ó | m ẹ | l à | ng ười | d a ng | r ộ ng | v ò ng | t ay
/home/alan/datasets/vivos/train/waves/VIVOSSPK01/VIVOSSPK01_R129.wav	ĐƯỜNG VÀO HANG PHẢI QUA NHIỀU ĐOẠN NGOẰN NGOÈO VỚI CÁC HỒ NƯỚC SÂU	đ ườ ng | v ào | h a ng | ph ải | qu a | nh iều | đ ọa n | ng oằ n | ng oèo | v ới | c á c | h ồ | n ướ c | s âu
/home/alan/datasets/vivos/train/waves/VIVOSSPK01/VIVOSSPK01_R130.wav	GIÚP HÃNG TĂNG THỊ PHẦN	gi ú p | h ã ng | t ă ng | th ị | ph ầ n
/home/alan/datasets/vivos/train/waves/VIVOSSPK01/VIVOSSPK01_R131.wav	HỪNG HỰC ĐẾN TẬN NỬA ĐÊM	h ừ ng | h ự c | đ ế n | t ậ n | n ửa | đ ê m
/home/alan/datasets/vivos/train/waves/VIVOSSPK01/VIVOSSPK01_R132.wav	SAU ĐÓ VẼ THÊM CÁC NÉT PHÁC HỌA MÀU ĐEN VÀO LÚC KHÁC	s au | đ ó | v ẽ | th ê m | c á c | n é t | ph á c | h ọa | m àu | đ e n | v ào | l ú c | kh á c
/home/alan/datasets/vivos/train/waves/VIVOSSPK01/VIVOSSPK01_R133.wav	RẤT NHIỀU NGƯỜI DÂN	r ấ t | nh iều | ng ười | d â n
/home/alan/datasets/vivos/train/waves/VIVOSSPK01/VIVOSSPK01_R134.wav	ĐỀU QUAY CUỒNG ĐƠN GIẢN LÀ DO BẠN ĐÃ QUÁ CHÉN	đ ều | qu ay | c uồ ng | đ ơ n | gi ả n | l à | d o | b ạ n | đ ã | qu á | ch é n
/home/alan/datasets/vivos/train/waves/VIVOSSPK01/VIVOSSPK01_R135.wav	VÀ SẮP XẾP THEO ĐÚNG BỐI CẢNH PHIM	v à | s ắ p | x ế p | th eo | đ ú ng | b ối | c ả nh | ph i m
/home/alan/datasets/vivos/train/waves/VIVOSSPK01/VIVOSSPK01_R136.wav	VÀ ĐÃ ĐƠN PHƯƠNG YÊU TỪ MỘT PHÍA NHƯ VẬY	v à | đ ã | đ ơ n | ph ươ ng | yêu | t ừ | m ộ t | ph ía | nh ư | v ậy
/home/alan/datasets/vivos/train/waves/VIVOSSPK01/VIVOSSPK01_R137.wav	MỖI TUẦN TÔI LẠI CÓ MỘT CHUYẾN RỜ TUA TRÀ VINH SÀI GÒN	m ỗi | t uầ n | t ôi | l ại | c ó | m ộ t | ch uyế n | r ờ | t ua | tr à | v i nh | s ài | g ò n
/home/alan/datasets/vivos/train/waves/VIVOSSPK01/VIVOSSPK01_R138.wav	BÊN DƯỚI MỘT HÀNG CHỮ MẢNH	b ê n | d ưới | m ộ t | h à ng | ch ữ | m ả nh
/home/alan/datasets/vivos/train/waves/VIVOSSPK01/VIVOSSPK01_R139.wav	TRONG TÔI PHẢI TỰ RĂN MÌNH ĐỪNG BAO GIỜ TỰ HUYỄN	tr o ng | t ôi | ph ải | t ự | r ă n | m ì nh | đ ừ ng | b ao | gi ờ | t ự | h uyễ n
/home/alan/datasets/vivos/train/waves/VIVOSSPK01/VIVOSSPK01_R140.wav	MÀ SẼ CÓ CÁCH RA ĐỀ PHÙ HỢP	m à | s ẽ | c ó | c á ch | r a | đ ề | ph ù | h ợ p
/home/alan/datasets/vivos/train/waves/VIVOSSPK01/VIVOSSPK01_R141.wav	HÀ ANH TUẤN MỘT NGÔI SAO ĐIỂM HẸN MỚI TOANH CŨNG THỪA NHẬN MÙ NHẠC	h à | a nh | t uấ n | m ộ t | ng ôi | s ao | đ iể m | h ẹ n | m ới | t oa nh | c ũ ng | th ừa | nh ậ n | m ù | nh ạ c
/home/alan/datasets/vivos/train/waves/VIVOSSPK01/VIVOSSPK01_R142.wav	CÓ THÊM NIỀM VUI MỚI LÀ RA TẮM GIỮA CÁC HŨM NƯỚC CẠN	c ó | th ê m | n iề m | v ui | m ới | l à | r a | t ắ m | gi ữa | c á c | h ũ m | n ướ c | c ạ n
/home/alan/datasets/vivos/train/waves/VIVOSSPK01/VIVOSSPK01_R143.wav	MANG HÌNH DÁNG CỦA MỘT CON KHỈ	m a ng | h ì nh | d á ng | c ủa | m ộ t | c o n | kh ỉ
/home/alan/datasets/vivos/train/waves/VIVOSSPK01/VIVOSSPK01_R144.wav	DOANH DOANH	d oa nh | d oa nh
/home/alan/datasets/vivos/train/waves/VIVOSSPK01/VIVOSSPK01_R145.wav	NGAY CẢ TRƯỚC KHI NÓ ĐƯỢC CHÍNH THỨC CÔNG BỐ	ng ay | c ả | tr ướ c | kh i | n ó | đ ượ c | ch í nh | th ứ c | c ô ng | b ố
/home/alan/datasets/vivos/train/waves/VIVOSSPK01/VIVOSSPK01_R146.wav	ANH LÝ CHẠY XE ÔM	a nh | l ý | ch ạy | x e | ô m
/home/alan/datasets/vivos/train/waves/VIVOSSPK01/VIVOSSPK01_R147.wav	VIỆC ĐẦU TIÊN TÔI NGHĨ ĐẾN	v iệ c | đ ầu | t iê n | t ôi | ngh ĩ | đ ế n
/home/alan/datasets/vivos/train/waves/VIVOSSPK01/VIVOSSPK01_R148.wav	NẤU NGUỘI NGẬM GỚM CÁI MÓN THỊT GÀ CỨ DAI NGOÁCH CẢ RA	n ấu | ng uội | ng ậ m | g ớ m | c ái | m ó n | th ị t | g à | c ứ | d ai | ng óa ch | c ả | r a
/home/alan/datasets/vivos/train/waves/VIVOSSPK01/VIVOSSPK01_R149.wav	Ờ THẰNG ĐÓ CHÁU NỘI TƯ XẠO	ờ | th ằ ng | đ ó | ch áu | n ội | t ư | x ạo
/home/alan/datasets/vivos/train/waves/VIVOSSPK01/VIVOSSPK01_R150.wav	TRONG SUỐT THẾ KỶ QUA	tr o ng | s uố t | th ế | k ỷ | qu a
/home/alan/datasets/vivos/train/waves/VIVOSSPK01/VIVOSSPK01_R151.wav	HAY THÂM TÍM CHẬM LÀNH	h ay | th â m | t í m | ch ậ m | l à nh
/home/alan/datasets/vivos/train/waves/VIVOSSPK01/VIVOSSPK01_R152.wav	THƯỜNG CUNG CẤP NHỮNG MANH MỐI	th ườ ng | c u ng | c ấ p | nh ữ ng | m a nh | m ối
/home/alan/datasets/vivos/train/waves/VIVOSSPK01/VIVOSSPK01_R153.wav	NHƯNG VẪN KHÔNG SÁNH BẰNG NỖI ĐAU CỦA MỘT CON NGƯỜI BỊ CHÀ ĐẠP	nh ư ng | v ẫ n | kh ô ng | s á nh | b ằ ng | n ỗi | đ au | c ủa | m ộ t | c o n | ng ười | b ị | ch à | đ ạ p
/home/alan/datasets/vivos/train/waves/VIVOSSPK01/VIVOSSPK01_R154.wav	CHO SƠN CHẢY THẲNG LÊN GIẤY	ch o | s ơ n | ch ảy | th ẳ ng | l ê n | gi ấy
/home/alan/datasets/vivos/train/waves/VIVOSSPK01/VIVOSSPK01_R155.wav	NGÀY THƯỜNG MẮT TRƯỚC MẮT SAU GỒNG GÁNH CHẠY PHẠT	ng ày | th ườ ng | m ắ t | tr ướ c | m ắ t | s au | g ồ ng | g á nh | ch ạy | ph ạ t
/home/alan/datasets/vivos/train/waves/VIVOSSPK01/VIVOSSPK01_R156.wav	CỨ ĐẶT CON DAO DÍNH TIẾT TRÊN CÁI DĨA	c ứ | đ ặ t | c o n | d ao | d í nh | t iế t | tr ê n | c ái | d ĩa
/home/alan/datasets/vivos/train/waves/VIVOSSPK01/VIVOSSPK01_R157.wav	MÀ LÒNG CỨ PHÂN VÂN VỀ LẼ ĐIÊN TỈNH Ở ĐỜI	m à | l ò ng | c ứ | ph â n | v â n | v ề | l ẽ | đ iê n | t ỉ nh | ở | đ ời
/home/alan/datasets/vivos/train/waves/VIVOSSPK01/VIVOSSPK01_R158.wav	TRÊN ĐƯỜNG ĐI THỈNH THOẢNG XE PHẢI DỪNG LẠI	tr ê n | đ ườ ng | đ i | th ỉ nh | th ỏa ng | x e | ph ải | d ừ ng | l ại
/home/alan/datasets/vivos/train/waves/VIVOSSPK01/VIVOSSPK01_R159.wav	TÍA CON HAI RỚT CHUẨN BỊ CHÂM LỬA NGỌN BÙI NHÙI	t ía | c o n | h ai | r ớ t | ch uẩ n | b ị | ch â m | l ửa | ng ọ n | b ùi | nh ùi
/home/alan/datasets/vivos/train/waves/VIVOSSPK01/VIVOSSPK01_R160.wav	BỞI ĐÓ LÀ MỘT TRONG NHỮNG ĐIỀU RĂN CHUNG	b ởi | đ ó | l à | m ộ t | tr o ng | nh ữ ng | đ iều | r ă n | ch u ng
/home/alan/datasets/vivos/train/waves/VIVOSSPK01/VIVOSSPK01_R161.wav	NGƯỜI TA KỊP KÉO CHỊ TA LẠI	ng ười | t a | k ị p | k éo | ch ị | t a | l ại
/home/alan/datasets/vivos/train/waves/VIVOSSPK01/VIVOSSPK01_R162.wav	CÓ THỂ KÍCH THÍCH SỰ PHÁT TRIỂN CỦA CÁC TẾ BÀO NÃO	c ó | th ể | k í ch | th í ch | s ự | ph á t | tr iể n | c ủa | c á c | t ế | b ào | n ão
/home/alan/datasets/vivos/train/waves/VIVOSSPK01/VIVOSSPK01_R163.wav	LỊNH RA LỊNH	l ị nh | r a | l ị nh
/home/alan/datasets/vivos/train/waves/VIVOSSPK01/VIVOSSPK01_R164.wav	CÓ THỂ GÂY RA NHỮNG VẾT ĐỎ	c ó | th ể | g ây | r a | nh ữ ng | v ế t | đ ỏ
/home/alan/datasets/vivos/train/waves/VIVOSSPK01/VIVOSSPK01_R165.wav	VIỆC XEM XÉT PHẢI DO HỘI ĐỒNG CÁC CHUYÊN GIA	v iệ c | x e m | x é t | ph ải | d o | h ội | đ ồ ng | c á c | ch uyê n | gi a
/home/alan/datasets/vivos/train/waves/VIVOSSPK01/VIVOSSPK01_R166.wav	CHIẾN DỊCH CUỐI CÙNG TRONG NỖ LỰC CHỐNG NẠN ĂN CẮP BẢN QUYỀN	ch iế n | d ị ch | c uối | c ù ng | tr o ng | n ỗ | l ự c | ch ố ng | n ạ n | ă n | c ắ p | b ả n | qu yề n
/home/alan/datasets/vivos/train/waves/VIVOSSPK01/VIVOSSPK01_R167.wav	SÔNG HẬU MỚI BẮT ĐẦU CHUYỂN MÀU ĐỎ QUẠCH CỐ HỮU CỦA PHÙ SA	s ô ng | h ậu | m ới | b ắ t | đ ầu | ch uyể n | m àu | đ ỏ | qu ạ ch | c ố | h ữu | c ủa | ph ù | s a
/home/alan/datasets/vivos/train/waves/VIVOSSPK01/VIVOSSPK01_R168.wav	ĐA SỐ BÁN CHUI VÀ QUẢNG CÁO NHƯ THẦN DƯỢC	đ a | s ố | b á n | ch ui | v à | qu ả ng | c áo | nh ư | th ầ n | d ượ c
/home/alan/datasets/vivos/train/waves/VIVOSSPK01/VIVOSSPK01_R169.wav	NGHỆ SĨ HÀI MAI THANH DUNG VÀ MINH VƯỢNG	ngh ệ | s ĩ | h ài | m ai | th a nh | d u ng | v à | m i nh | v ượ ng
/home/alan/datasets/vivos/train/waves/VIVOSSPK01/VIVOSSPK01_R170.wav	TỐT HƠN LÀ NGAY TỪ ĐẦU BẠN HÃY ĐẶT RA NHỮNG CÂU HỎI	t ố t | h ơ n | l à | ng ay | t ừ | đ ầu | b ạ n | h ãy | đ ặ t | r a | nh ữ ng | c âu | h ỏi
/home/alan/datasets/vivos/train/waves/VIVOSSPK01/VIVOSSPK01_R171.wav	KHI CÁC NHÀ KHOA HỌC HÀN QUỐC PHÁT HIỆN	kh i | c á c | nh à | kh oa | h ọ c | h à n | qu ố c | ph á t | h iệ n
/home/alan/datasets/vivos/train/waves/VIVOSSPK01/VIVOSSPK01_R172.wav	CÂU CHUYỆN VỀ ANH SINH VIÊN TÌNH NGUYỆN BỊ TAI NẠN	c âu | ch uyệ n | v ề | a nh | s i nh | v iê n | t ì nh | ng uyệ n | b ị | t ai | n ạ n
/home/alan/datasets/vivos/train/waves/VIVOSSPK01/VIVOSSPK01_R173.wav	ĐO SÂU NHƯ THẾ THÌ NGUY HIỂM LẮM	đ o | s âu | nh ư | th ế | th ì | ng uy | h iể m | l ắ m
/home/alan/datasets/vivos/train/waves/VIVOSSPK01/VIVOSSPK01_R174.wav	VÀ DÙNG DÂY THẮT LƯNG SIẾT CỔ ANH NHIỆM CHO ĐẾN NGẤT XỈU	v à | d ù ng | d ây | th ắ t | l ư ng | s iế t | c ổ | a nh | nh iệ m | ch o | đ ế n | ng ấ t | x ỉu
/home/alan/datasets/vivos/train/waves/VIVOSSPK01/VIVOSSPK01_R175.wav	BÀ CON THƯỜNG XUYÊN ĐAU ỐM	b à | c o n | th ườ ng | x uyê n | đ au | ố m
/home/alan/datasets/vivos/train/waves/VIVOSSPK01/VIVOSSPK01_R176.wav	HỌ CHÀO NHAU CƯỜI NÓI HÔ HỐ RỒI NHAY LÊN XE MÁY PHÓNG ĐI	h ọ | ch ào | nh au | c ười | n ói | h ô | h ố | r ồi | nh ay | l ê n | x e | m áy | ph ó ng | đ i
/home/alan/datasets/vivos/train/waves/VIVOSSPK01/VIVOSSPK01_R177.wav	CỦA DÌ CỦA MẸ VÀ MẤY EM	c ủa | d ì | c ủa | m ẹ | v à | m ấy | e m
/home/alan/datasets/vivos/train/waves/VIVOSSPK01/VIVOSSPK01_R178.wav	NGỦ NGÁY	ng ủ | ng áy
/home/alan/datasets/vivos/train/waves/VIVOSSPK01/VIVOSSPK01_R179.wav	VÀ NGĂN NGỪA CÁC BIẾN CHỨNG	v à | ng ă n | ng ừa | c á c | b iế n | ch ứ ng
/home/alan/datasets/vivos/train/waves/VIVOSSPK01/VIVOSSPK01_R180.wav	NHƯNG PHẦN BIỂU DƯƠNG LỰC LƯỢNG ĐÃ GÂY ẤN TƯỢNG MẠNH	nh ư ng | ph ầ n | b iểu | d ươ ng | l ự c | l ượ ng | đ ã | g ây | ấ n | t ượ ng | m ạ nh
/home/alan/datasets/vivos/train/waves/VIVOSSPK01/VIVOSSPK01_R181.wav	CHÚNG CAM KẾT SẼ THẢ CÁC CON TIN	ch ú ng | c a m | k ế t | s ẽ | th ả | c á c | c o n | t i n
/home/alan/datasets/vivos/train/waves/VIVOSSPK01/VIVOSSPK01_R182.wav	LÀ TRÁCH NHIỆM KIỂM TRA CỦA QUẢN LÝ THỊ TRƯỜNG	l à | tr á ch | nh iệ m | k iể m | tr a | c ủa | qu ả n | l ý | th ị | tr ườ ng
/home/alan/datasets/vivos/train/waves/VIVOSSPK01/VIVOSSPK01_R183.wav	ĐỂ NÂNG CAO CHẤT LƯỢNG SẢN PHẨM	đ ể | n â ng | c ao | ch ấ t | l ượ ng | s ả n | ph ẩ m
/home/alan/datasets/vivos/train/waves/VIVOSSPK01/VIVOSSPK01_R184.wav	KHÚC HÁT CHIẾN SĨ BIÊN PHÒNG THÀNH PHỐ	kh ú c | h á t | ch iế n | s ĩ | b iê n | ph ò ng | th à nh | ph ố
/home/alan/datasets/vivos/train/waves/VIVOSSPK01/VIVOSSPK01_R185.wav	VỚI CÁC PHA DỨT ĐIỂM GỌN GHẼ	v ới | c á c | ph a | d ứ t | đ iể m | g ọ n | gh ẽ
/home/alan/datasets/vivos/train/waves/VIVOSSPK01/VIVOSSPK01_R186.wav	NẾU KHÔNG BIẾT ĐƯỢC NHỮNG ĐIỀU NÀY	n ếu | kh ô ng | b iế t | đ ượ c | nh ữ ng | đ iều | n ày
/home/alan/datasets/vivos/train/waves/VIVOSSPK01/VIVOSSPK01_R187.wav	CÁC EM THẬM CHÍ CÓ THỂ TRỞ THÀNH NHỮNG NHÀ LẬP TRÌNH VI TÍNH	c á c | e m | th ậ m | ch í | c ó | th ể | tr ở | th à nh | nh ữ ng | nh à | l ậ p | tr ì nh | v i | t í nh
/home/alan/datasets/vivos/train/waves/VIVOSSPK01/VIVOSSPK01_R188.wav	NGƯỜI TA CŨNG THẤY DẤU CHÂN CÀ THỌT CỦA ÔNG	ng ười | t a | c ũ ng | th ấy | d ấu | ch â n | c à | th ọ t | c ủa | ô ng
/home/alan/datasets/vivos/train/waves/VIVOSSPK01/VIVOSSPK01_R189.wav	Ở ĐÓ CÓ KHOA KHÁM CHUYÊN VỀ LÉ CHO TRẺ EM	ở | đ ó | c ó | kh oa | kh á m | ch uyê n | v ề | l é | ch o | tr ẻ | e m
/home/alan/datasets/vivos/train/waves/VIVOSSPK01/VIVOSSPK01_R190.wav	SÁNG SÁNG TRONG TIẾNG CHIM TRAO TRẢO RÂM RAN ĐÂY ĐÓ	s á ng | s á ng | tr o ng | t iế ng | ch i m | tr ao | tr ảo | r â m | r a n | đ ây | đ ó
/home/alan/datasets/vivos/train/waves/VIVOSSPK01/VIVOSSPK01_R191.wav	KHÉO TÁN	kh éo | t á n
/home/alan/datasets/vivos/train/waves/VIVOSSPK01/VIVOSSPK01_R192.wav	NHƯNG NÓ KHÔNG CÒN LÀ MÁI ẤM CỦA BẠN NỮA	nh ư ng | n ó | kh ô ng | c ò n | l à | m ái | ấ m | c ủa | b ạ n | n ữa
/home/alan/datasets/vivos/train/waves/VIVOSSPK01/VIVOSSPK01_R193.wav	CUNG THIẾU CẦU TĂNG LẰNG NHẰNG CHUYÊN NGHIỆP	c u ng | th iếu | c ầu | t ă ng | l ằ ng | nh ằ ng | ch uyê n | ngh iệ p
/home/alan/datasets/vivos/train/waves/VIVOSSPK01/VIVOSSPK01_R194.wav	TỔ CHỨC HOẠT ĐỘNG NÀY NHẰM CÓ KẾ HOẠCH DÀI HẠN	t ổ | ch ứ c | h ọa t | đ ộ ng | n ày | nh ằ m | c ó | k ế | h ọa ch | d ài | h ạ n
/home/alan/datasets/vivos/train/waves/VIVOSSPK01/VIVOSSPK01_R195.wav	TÚI CHẤT ĐẦY ĐỒ VẬT TRÔNG KỆNH LÊN	t úi | ch ấ t | đ ầy | đ ồ | v ậ t | tr ô ng | k ệ nh | l ê n
/home/alan/datasets/vivos/train/waves/VIVOSSPK01/VIVOSSPK01_R196.wav	CÔNG CHÚNG ĐÃ QUÁ LỜN MẮT	c ô ng | ch ú ng | đ ã | qu á | l ờ n | m ắ t
/home/alan/datasets/vivos/train/waves/VIVOSSPK01/VIVOSSPK01_R197.wav	NỖI THẤT VỌNG VỠ ÒA TRONG TÂM HỒN CỦA CẬU BÉ MÙ LÒA	n ỗi | th ấ t | v ọ ng | v ỡ | òa | tr o ng | t â m | h ồ n | c ủa | c ậu | b é | m ù | l òa
/home/alan/datasets/vivos/train/waves/VIVOSSPK01/VIVOSSPK01_R198.wav	GIẢNH CHỈ CẤY TỐI ĐA HAI GIẢNH	gi ả nh | ch ỉ | c ấy | t ối | đ a | h ai | gi ả nh
/home/alan/datasets/vivos/train/waves/VIVOSSPK01/VIVOSSPK01_R199.wav	ĐƯỢC TÌM THẤY	đ ượ c | t ì m | th ấy
/home/alan/datasets/vivos/train/waves/VIVOSSPK01/VIVOSSPK01_R200.wav	LÀM MẤT ĐI BẢN CHẤT TỰ NHIÊN CỦA CUỘC SỐNG	l à m | m ấ t | đ i | b ả n | ch ấ t | t ự | nh iê n | c ủa | c uộ c | s ố ng
